index,id,gender,year,major_type,major_color,style
0,,,,,,嘻哈风服装
1,,,,,,简约风服装
2,,,,,,通勤风服装
3,,,,,,朋克风服装
4,,,,,,田园风服装
5,,,,,,街头风服装
6,,,,,,朋克风服装
7,,,,,,朋克风服装
8,,,,,,朋克风服装
9,,,,,,简约风服装
10,,,,,,田园风服装
11,,,,,,简约风服装
12,,,,,,简约风服装
13,,,,,,简约风服装
14,,,,,,简约风服装
15,,,,,,田园风服装
16,,,,,,嘻哈风服装
17,,,,,,简约风服装
18,,,,,,简约风服装
19,,,,,,街头风服装
20,,,,,,朋克风服装
21,,,,,,民族风服装
22,,,,,,简约风服装
23,,,,,,田园风服装
24,,,,,,通勤风服装
25,,,,,,简约风服装
26,,,,,,通勤风服装
27,,,,,,简约风服装
28,,,,,,简约风服装
29,,,,,,田园风服装
30,,,,,,简约风服装
31,,,,,,简约风服装
32,,,,,,通勤风服装
33,,,,,,田园风服装
34,,,,,,嘻哈风服装
35,,,,,,民族风服装
36,,,,,,简约风服装
37,,,,,,学院风服装
38,,,,,,田园风服装
39,,,,,,简约风服装
40,,,,,,民族风服装
41,,,,,,田园风服装
42,,,,,,朋克风服装
43,,,,,,田园风服装
44,,,,,,简约风服装
45,,,,,,简约风服装
46,,,,,,田园风服装
47,,,,,,简约风服装
48,,,,,,民族风服装
49,,,,,,朋克风服装
50,,,,,,通勤风服装
51,,,,,,简约风服装
52,,,,,,可爱系服装
53,,,,,,民族风服装
54,,,,,,简约风服装
55,,,,,,通勤风服装
56,,,,,,田园风服装
57,,,,,,田园风服装
58,,,,,,简约风服装
59,,,,,,通勤风服装
60,,,,,,嘻哈风服装
61,,,,,,嘻哈风服装
62,,,,,,简约风服装
63,,,,,,嘻哈风服装
64,,,,,,简约风服装
65,,,,,,简约风服装
66,,,,,,通勤风服装
67,,,,,,嘻哈风服装
68,,,,,,简约风服装
69,,,,,,街头风服装
70,,,,,,嘻哈风服装
71,,,,,,简约风服装
72,,,,,,简约风服装
73,,,,,,简约风服装
74,,,,,,民族风服装
75,,,,,,朋克风服装
76,,,,,,简约风服装
77,,,,,,简约风服装
78,,,,,,田园风服装
79,,,,,,嘻哈风服装
80,,,,,,民族风服装
81,,,,,,朋克风服装
82,,,,,,街头风服装
83,,,,,,简约风服装
84,,,,,,简约风服装
85,,,,,,民族风服装
86,,,,,,洛丽塔风服装
87,,,,,,朋克风服装
88,,,,,,嘻哈风服装
89,,,,,,朋克风服装
90,,,,,,民族风服装
91,,,,,,田园风服装
92,,,,,,简约风服装
93,,,,,,通勤风服装
94,,,,,,民族风服装
95,,,,,,通勤风服装
96,,,,,,民族风服装
97,,,,,,简约风服装
98,,,,,,简约风服装
99,,,,,,简约风服装
100,,,,,,田园风服装
101,,,,,,简约风服装
102,,,,,,嘻哈风服装
103,,,,,,嘻哈风服装
104,,,,,,洛丽塔风服装
105,,,,,,简约风服装
106,,,,,,民族风服装
107,,,,,,民族风服装
108,,,,,,嘻哈风服装
109,,,,,,简约风服装
110,,,,,,朋克风服装
111,,,,,,街头风服装
112,,,,,,简约风服装
113,,,,,,田园风服装
114,,,,,,田园风服装
115,,,,,,简约风服装
116,,,,,,田园风服装
117,,,,,,朋克风服装
118,,,,,,简约风服装
119,,,,,,百搭系服装
120,,,,,,嘻哈风服装
121,,,,,,民族风服装
122,,,,,,街头风服装
123,,,,,,朋克风服装
124,,,,,,民族风服装
125,,,,,,民族风服装
126,,,,,,朋克风服装
127,,,,,,简约风服装
128,,,,,,民族风服装
129,,,,,,街头风服装
130,,,,,,通勤风服装
131,,,,,,田园风服装
132,,,,,,通勤风服装
133,,,,,,民族风服装
134,,,,,,简约风服装
135,,,,,,中性风服装
136,,,,,,通勤风服装
137,,,,,,民族风服装
138,,,,,,简约风服装
139,,,,,,嘻哈风服装
140,,,,,,朋克风服装
141,,,,,,中性风服装
142,,,,,,民族风服装
143,,,,,,简约风服装
144,,,,,,民族风服装
145,,,,,,朋克风服装
146,,,,,,嘻哈风服装
147,,,,,,嘻哈风服装
148,,,,,,中性风服装
149,,,,,,嘻哈风服装
150,,,,,,田园风服装
151,,,,,,通勤风服装
152,,,,,,民族风服装
153,,,,,,简约风服装
154,,,,,,朋克风服装
155,,,,,,通勤风服装
156,,,,,,朋克风服装
157,,,,,,街头风服装
158,,,,,,简约风服装
159,,,,,,洛丽塔风服装
160,,,,,,简约风服装
161,,,,,,民族风服装
162,,,,,,民族风服装
163,,,,,,民族风服装
164,,,,,,嘻哈风服装
165,,,,,,百搭系服装
166,,,,,,通勤风服装
167,,,,,,朋克风服装
168,,,,,,民族风服装
169,,,,,,通勤风服装
170,,,,,,可爱系服装
171,,,,,,朋克风服装
172,,,,,,朋克风服装
173,,,,,,洛丽塔风服装
174,,,,,,简约风服装
175,,,,,,街头风服装
176,,,,,,洛丽塔风服装
177,,,,,,通勤风服装
178,,,,,,朋克风服装
179,,,,,,简约风服装
180,,,,,,嘻哈风服装
181,,,,,,朋克风服装
182,,,,,,简约风服装
183,,,,,,嘻哈风服装
184,,,,,,田园风服装
185,,,,,,简约风服装
186,,,,,,欧美风服装
187,,,,,,田园风服装
188,,,,,,民族风服装
189,,,,,,简约风服装
190,,,,,,简约风服装
191,,,,,,嘻哈风服装
192,,,,,,简约风服装
193,,,,,,简约风服装
194,,,,,,通勤风服装
195,,,,,,街头风服装
196,,,,,,民族风服装
197,,,,,,田园风服装
198,,,,,,田园风服装
199,,,,,,街头风服装
200,,,,,,民族风服装
201,,,,,,百搭系服装
202,,,,,,民族风服装
203,,,,,,田园风服装
204,,,,,,田园风服装
205,,,,,,
206,,,,,,朋克风服装
207,,,,,,简约风服装
208,,,,,,中性风服装
209,,,,,,通勤风服装
210,,,,,,通勤风服装
211,,,,,,嘻哈风服装
212,,,,,,民族风服装
213,,,,,,欧美风服装
214,,,,,,田园风服装
215,,,,,,简约风服装
216,,,,,,简约风服装
217,,,,,,民族风服装
218,,,,,,嘻哈风服装
219,,,,,,田园风服装
220,,,,,,民族风服装
221,,,,,,民族风服装
222,,,,,,简约风服装
223,,,,,,简约风服装
224,,,,,,民族风服装
225,,,,,,朋克风服装
226,,,,,,嘻哈风服装
227,,,,,,嘻哈风服装
228,,,,,,街头风服装
229,,,,,,田园风服装
230,,,,,,简约风服装
231,,,,,,嘻哈风服装
232,,,,,,民族风服装
233,,,,,,中性风服装
234,,,,,,田园风服装
235,,,,,,民族风服装
236,,,,,,简约风服装
237,,,,,,朋克风服装
238,,,,,,嘻哈风服装
239,,,,,,简约风服装
240,,,,,,田园风服装
241,,,,,,街头风服装
242,,,,,,嘻哈风服装
243,,,,,,简约风服装
244,,,,,,欧美风服装
245,,,,,,民族风服装
246,,,,,,洛丽塔风服装
247,,,,,,朋克风服装
248,,,,,,简约风服装
249,,,,,,通勤风服装
250,,,,,,简约风服装
251,,,,,,田园风服装
252,,,,,,朋克风服装
253,,,,,,通勤风服装
254,,,,,,民族风服装
255,,,,,,嘻哈风服装
256,,,,,,嘻哈风服装
257,,,,,,可爱系服装
258,,,,,,简约风服装
259,,,,,,朋克风服装
260,,,,,,简约风服装
261,,,,,,简约风服装
262,,,,,,朋克风服装
263,,,,,,通勤风服装
264,,,,,,百搭系服装
265,,,,,,嘻哈风服装
266,,,,,,简约风服装
267,,,,,,通勤风服装
268,,,,,,嘻哈风服装
269,,,,,,民族风服装
270,,,,,,田园风服装
271,,,,,,通勤风服装
272,,,,,,简约风服装
273,,,,,,朋克风服装
274,,,,,,朋克风服装
275,,,,,,嘻哈风服装
276,,,,,,通勤风服装
277,,,,,,简约风服装
278,,,,,,通勤风服装
279,,,,,,简约风服装
280,,,,,,朋克风服装
281,,,,,,朋克风服装
282,,,,,,中性风服装
283,,,,,,通勤风服装
284,,,,,,简约风服装
285,,,,,,街头风服装
286,,,,,,简约风服装
287,,,,,,简约风服装
288,,,,,,田园风服装
289,,,,,,简约风服装
290,,,,,,民族风服装
291,,,,,,民族风服装
292,,,,,,街头风服装
293,,,,,,民族风服装
294,,,,,,民族风服装
295,,,,,,欧美风服装
296,,,,,,简约风服装
297,,,,,,简约风服装
298,,,,,,民族风服装
299,,,,,,简约风服装
300,,,,,,百搭系服装
301,,,,,,民族风服装
302,,,,,,田园风服装
303,,,,,,田园风服装
304,,,,,,朋克风服装
305,,,,,,简约风服装
306,,,,,,朋克风服装
307,,,,,,街头风服装
308,,,,,,田园风服装
309,,,,,,简约风服装
310,,,,,,欧美风服装
311,,,,,,简约风服装
312,,,,,,朋克风服装
313,,,,,,朋克风服装
314,,,,,,中性风服装
315,,,,,,嘻哈风服装
316,,,,,,简约风服装
317,,,,,,简约风服装
318,,,,,,田园风服装
319,,,,,,朋克风服装
320,,,,,,简约风服装
321,,,,,,街头风服装
322,,,,,,简约风服装
323,,,,,,嘻哈风服装
324,,,,,,街头风服装
325,,,,,,简约风服装
326,,,,,,朋克风服装
327,,,,,,简约风服装
328,,,,,,嘻哈风服装
329,,,,,,田园风服装
330,,,,,,民族风服装
331,,,,,,中性风服装
332,,,,,,简约风服装
333,,,,,,田园风服装
334,,,,,,民族风服装
335,,,,,,民族风服装
336,,,,,,通勤风服装
337,,,,,,田园风服装
338,,,,,,简约风服装
339,,,,,,朋克风服装
340,,,,,,田园风服装
341,,,,,,可爱系服装
342,,,,,,简约风服装
343,,,,,,通勤风服装
344,,,,,,朋克风服装
345,,,,,,嘻哈风服装
346,,,,,,简约风服装
347,,,,,,嘻哈风服装
348,,,,,,田园风服装
349,,,,,,通勤风服装
350,,,,,,简约风服装
351,,,,,,朋克风服装
352,,,,,,简约风服装
353,,,,,,简约风服装
354,,,,,,朋克风服装
355,,,,,,欧美风服装
356,,,,,,田园风服装
357,,,,,,百搭系服装
358,,,,,,民族风服装
359,,,,,,民族风服装
360,,,,,,民族风服装
361,,,,,,民族风服装
362,,,,,,田园风服装
363,,,,,,嘻哈风服装
364,,,,,,朋克风服装
365,,,,,,简约风服装
366,,,,,,简约风服装
367,,,,,,嘻哈风服装
368,,,,,,朋克风服装
369,,,,,,通勤风服装
370,,,,,,简约风服装
371,,,,,,田园风服装
372,,,,,,民族风服装
373,,,,,,欧美风服装
374,,,,,,嘻哈风服装
375,,,,,,简约风服装
376,,,,,,田园风服装
377,,,,,,田园风服装
378,,,,,,朋克风服装
379,,,,,,嘻哈风服装
380,,,,,,洛丽塔风服装
381,,,,,,街头风服装
382,,,,,,嘻哈风服装
383,,,,,,简约风服装
384,,,,,,通勤风服装
385,,,,,,简约风服装
386,,,,,,洛丽塔风服装
387,,,,,,可爱系服装
388,,,,,,嘻哈风服装
389,,,,,,百搭系服装
390,,,,,,田园风服装
391,,,,,,简约风服装
392,,,,,,简约风服装
393,,,,,,通勤风服装
394,,,,,,嘻哈风服装
395,,,,,,民族风服装
396,,,,,,简约风服装
397,,,,,,田园风服装
398,,,,,,嘻哈风服装
399,,,,,,简约风服装
400,,,,,,简约风服装
401,,,,,,简约风服装
402,,,,,,学院风服装
403,,,,,,韩版系服装
404,,,,,,嘻哈风服装
405,,,,,,街头风服装
406,,,,,,通勤风服装
407,,,,,,嘻哈风服装
408,,,,,,欧美风服装
409,,,,,,田园风服装
410,,,,,,民族风服装
411,,,,,,百搭系服装
412,,,,,,民族风服装
413,,,,,,朋克风服装
414,,,,,,通勤风服装
415,,,,,,简约风服装
416,,,,,,田园风服装
417,,,,,,朋克风服装
418,,,,,,简约风服装
419,,,,,,通勤风服装
420,,,,,,嘻哈风服装
421,,,,,,通勤风服装
422,,,,,,通勤风服装
423,,,,,,简约风服装
424,,,,,,田园风服装
425,,,,,,简约风服装
426,,,,,,简约风服装
427,,,,,,嘻哈风服装
428,,,,,,街头风服装
429,,,,,,简约风服装
430,,,,,,田园风服装
431,,,,,,田园风服装
432,,,,,,韩版系服装
433,,,,,,简约风服装
434,,,,,,简约风服装
435,,,,,,欧美风服装
436,,,,,,嘻哈风服装
437,,,,,,简约风服装
438,,,,,,田园风服装
439,,,,,,嘻哈风服装
440,,,,,,嘻哈风服装
441,,,,,,嘻哈风服装
442,,,,,,中性风服装
443,,,,,,简约风服装
444,,,,,,田园风服装
445,,,,,,通勤风服装
446,,,,,,民族风服装
447,,,,,,朋克风服装
448,,,,,,通勤风服装
449,,,,,,中性风服装
450,,,,,,嘻哈风服装
451,,,,,,简约风服装
452,,,,,,嘻哈风服装
453,,,,,,民族风服装
454,,,,,,民族风服装
455,,,,,,朋克风服装
456,,,,,,嘻哈风服装
457,,,,,,简约风服装
458,,,,,,通勤风服装
459,,,,,,嘻哈风服装
460,,,,,,朋克风服装
461,,,,,,简约风服装
462,,,,,,简约风服装
463,,,,,,洛丽塔风服装
464,,,,,,通勤风服装
465,,,,,,简约风服装
466,,,,,,民族风服装
467,,,,,,民族风服装
468,,,,,,民族风服装
469,,,,,,朋克风服装
470,,,,,,嘻哈风服装
471,,,,,,欧美风服装
472,,,,,,街头风服装
473,,,,,,嘻哈风服装
474,,,,,,朋克风服装
475,,,,,,朋克风服装
476,,,,,,田园风服装
477,,,,,,民族风服装
478,,,,,,简约风服装
479,,,,,,朋克风服装
480,,,,,,嘻哈风服装
481,,,,,,中性风服装
482,,,,,,朋克风服装
483,,,,,,民族风服装
484,,,,,,简约风服装
485,,,,,,欧美风服装
486,,,,,,通勤风服装
487,,,,,,简约风服装
488,,,,,,简约风服装
489,,,,,,嘻哈风服装
490,,,,,,街头风服装
491,,,,,,简约风服装
492,,,,,,民族风服装
493,,,,,,韩版系服装
494,,,,,,朋克风服装
495,,,,,,朋克风服装
496,,,,,,嘻哈风服装
497,,,,,,嘻哈风服装
498,,,,,,简约风服装
499,,,,,,中性风服装
500,,,,,,简约风服装
501,,,,,,简约风服装
502,,,,,,民族风服装
503,,,,,,简约风服装
504,,,,,,朋克风服装
505,,,,,,嘻哈风服装
506,,,,,,洛丽塔风服装
507,,,,,,简约风服装
508,,,,,,通勤风服装
509,,,,,,简约风服装
510,,,,,,田园风服装
511,,,,,,通勤风服装
512,,,,,,通勤风服装
513,,,,,,通勤风服装
514,,,,,,嘻哈风服装
515,,,,,,通勤风服装
516,,,,,,简约风服装
517,,,,,,通勤风服装
518,,,,,,民族风服装
519,,,,,,朋克风服装
520,,,,,,可爱系服装
521,,,,,,街头风服装
522,,,,,,街头风服装
523,,,,,,朋克风服装
524,,,,,,朋克风服装
525,,,,,,简约风服装
526,,,,,,民族风服装
527,,,,,,简约风服装
528,,,,,,简约风服装
529,,,,,,嘻哈风服装
530,,,,,,简约风服装
531,,,,,,民族风服装
532,,,,,,洛丽塔风服装
533,,,,,,嘻哈风服装
534,,,,,,通勤风服装
535,,,,,,简约风服装
536,,,,,,朋克风服装
537,,,,,,简约风服装
538,,,,,,田园风服装
539,,,,,,简约风服装
540,,,,,,街头风服装
541,,,,,,简约风服装
542,,,,,,朋克风服装
543,,,,,,学院风服装
544,,,,,,通勤风服装
545,,,,,,朋克风服装
546,,,,,,民族风服装
547,,,,,,嘻哈风服装
548,,,,,,朋克风服装
549,,,,,,简约风服装
550,,,,,,简约风服装
551,,,,,,街头风服装
552,,,,,,朋克风服装
553,,,,,,通勤风服装
554,,,,,,通勤风服装
555,,,,,,简约风服装
556,,,,,,田园风服装
557,,,,,,朋克风服装
558,,,,,,民族风服装
559,,,,,,通勤风服装
560,,,,,,嘻哈风服装
561,,,,,,嘻哈风服装
562,,,,,,简约风服装
563,,,,,,田园风服装
564,,,,,,嘻哈风服装
565,,,,,,简约风服装
566,,,,,,民族风服装
567,,,,,,简约风服装
568,,,,,,田园风服装
569,,,,,,民族风服装
570,,,,,,简约风服装
571,,,,,,田园风服装
572,,,,,,嘻哈风服装
573,,,,,,民族风服装
574,,,,,,可爱系服装
575,,,,,,简约风服装
576,,,,,,田园风服装
577,,,,,,嘻哈风服装
578,,,,,,洛丽塔风服装
579,,,,,,简约风服装
580,,,,,,朋克风服装
581,,,,,,简约风服装
582,,,,,,朋克风服装
583,,,,,,简约风服装
584,,,,,,简约风服装
585,,,,,,通勤风服装
586,,,,,,民族风服装
587,,,,,,洛丽塔风服装
588,,,,,,通勤风服装
589,,,,,,嘻哈风服装
590,,,,,,通勤风服装
591,,,,,,嘻哈风服装
592,,,,,,通勤风服装
593,,,,,,简约风服装
594,,,,,,简约风服装
595,,,,,,简约风服装
596,,,,,,嘻哈风服装
597,,,,,,民族风服装
598,,,,,,简约风服装
599,,,,,,民族风服装
600,,,,,,简约风服装
601,,,,,,田园风服装
602,,,,,,中性风服装
603,,,,,,通勤风服装
604,,,,,,简约风服装
605,,,,,,简约风服装
606,,,,,,民族风服装
607,,,,,,嘻哈风服装
608,,,,,,简约风服装
609,,,,,,通勤风服装
610,,,,,,简约风服装
611,,,,,,简约风服装
612,,,,,,民族风服装
613,,,,,,田园风服装
614,,,,,,简约风服装
615,,,,,,简约风服装
616,,,,,,街头风服装
617,,,,,,田园风服装
618,,,,,,民族风服装
619,,,,,,简约风服装
620,,,,,,街头风服装
621,,,,,,嘻哈风服装
622,,,,,,简约风服装
623,,,,,,田园风服装
624,,,,,,通勤风服装
625,,,,,,田园风服装
626,,,,,,朋克风服装
627,,,,,,通勤风服装
628,,,,,,简约风服装
629,,,,,,朋克风服装
630,,,,,,民族风服装
631,,,,,,民族风服装
632,,,,,,通勤风服装
633,,,,,,欧美风服装
634,,,,,,田园风服装
635,,,,,,洛丽塔风服装
636,,,,,,简约风服装
637,,,,,,欧美风服装
638,,,,,,通勤风服装
639,,,,,,简约风服装
640,,,,,,民族风服装
641,,,,,,嘻哈风服装
642,,,,,,简约风服装
643,,,,,,嘻哈风服装
644,,,,,,简约风服装
645,,,,,,民族风服装
646,,,,,,朋克风服装
647,,,,,,朋克风服装
648,,,,,,民族风服装
649,,,,,,通勤风服装
650,,,,,,朋克风服装
651,,,,,,简约风服装
652,,,,,,欧美风服装
653,,,,,,简约风服装
654,,,,,,街头风服装
655,,,,,,简约风服装
656,,,,,,嘻哈风服装
657,,,,,,简约风服装
658,,,,,,嘻哈风服装
659,,,,,,欧美风服装
660,,,,,,嘻哈风服装
661,,,,,,田园风服装
662,,,,,,田园风服装
663,,,,,,简约风服装
664,,,,,,街头风服装
665,,,,,,洛丽塔风服装
666,,,,,,民族风服装
667,,,,,,朋克风服装
668,,,,,,简约风服装
669,,,,,,嘻哈风服装
670,,,,,,简约风服装
671,,,,,,田园风服装
672,,,,,,朋克风服装
673,,,,,,民族风服装
674,,,,,,朋克风服装
675,,,,,,民族风服装
676,,,,,,朋克风服装
677,,,,,,欧美风服装
678,,,,,,嘻哈风服装
679,,,,,,通勤风服装
680,,,,,,朋克风服装
681,,,,,,田园风服装
682,,,,,,通勤风服装
683,,,,,,田园风服装
684,,,,,,田园风服装
685,,,,,,朋克风服装
686,,,,,,田园风服装
687,,,,,,韩版系服装
688,,,,,,朋克风服装
689,,,,,,简约风服装
690,,,,,,民族风服装
691,,,,,,简约风服装
692,,,,,,简约风服装
693,,,,,,通勤风服装
694,,,,,,简约风服装
695,,,,,,简约风服装
696,,,,,,嘻哈风服装
697,,,,,,简约风服装
698,,,,,,简约风服装
699,,,,,,百搭系服装
700,,,,,,欧美风服装
701,,,,,,简约风服装
702,,,,,,通勤风服装
703,,,,,,通勤风服装
704,,,,,,简约风服装
705,,,,,,田园风服装
706,,,,,,民族风服装
707,,,,,,民族风服装
708,,,,,,田园风服装
709,,,,,,街头风服装
710,,,,,,田园风服装
711,,,,,,简约风服装
712,,,,,,洛丽塔风服装
713,,,,,,朋克风服装
714,,,,,,通勤风服装
715,,,,,,朋克风服装
716,,,,,,欧美风服装
717,,,,,,民族风服装
718,,,,,,通勤风服装
719,,,,,,简约风服装
720,,,,,,欧美风服装
721,,,,,,简约风服装
722,,,,,,田园风服装
723,,,,,,嘻哈风服装
724,,,,,,街头风服装
725,,,,,,民族风服装
726,,,,,,简约风服装
727,,,,,,简约风服装
728,,,,,,简约风服装
729,,,,,,民族风服装
730,,,,,,嘻哈风服装
731,,,,,,民族风服装
732,,,,,,简约风服装
733,,,,,,简约风服装
734,,,,,,通勤风服装
735,,,,,,街头风服装
736,,,,,,民族风服装
737,,,,,,通勤风服装
738,,,,,,朋克风服装
739,,,,,,通勤风服装
740,,,,,,民族风服装
741,,,,,,简约风服装
742,,,,,,欧美风服装
743,,,,,,嘻哈风服装
744,,,,,,嘻哈风服装
745,,,,,,简约风服装
746,,,,,,欧美风服装
747,,,,,,简约风服装
748,,,,,,民族风服装
749,,,,,,可爱系服装
750,,,,,,民族风服装
751,,,,,,朋克风服装
752,,,,,,田园风服装
753,,,,,,洛丽塔风服装
754,,,,,,嘻哈风服装
755,,,,,,简约风服装
756,,,,,,嘻哈风服装
757,,,,,,街头风服装
758,,,,,,可爱系服装
759,,,,,,通勤风服装
760,,,,,,简约风服装
761,,,,,,嘻哈风服装
762,,,,,,中性风服装
763,,,,,,通勤风服装
764,,,,,,朋克风服装
765,,,,,,田园风服装
766,,,,,,民族风服装
767,,,,,,
768,,,,,,通勤风服装
769,,,,,,田园风服装
770,,,,,,街头风服装
771,,,,,,通勤风服装
772,,,,,,简约风服装
773,,,,,,田园风服装
774,,,,,,民族风服装
775,,,,,,可爱系服装
776,,,,,,简约风服装
777,,,,,,田园风服装
778,,,,,,嘻哈风服装
779,,,,,,朋克风服装
780,,,,,,简约风服装
781,,,,,,田园风服装
782,,,,,,简约风服装
783,,,,,,嘻哈风服装
784,,,,,,洛丽塔风服装
785,,,,,,朋克风服装
786,,,,,,简约风服装
787,,,,,,朋克风服装
788,,,,,,嘻哈风服装
789,,,,,,民族风服装
790,,,,,,朋克风服装
791,,,,,,嘻哈风服装
792,,,,,,田园风服装
793,,,,,,欧美风服装
794,,,,,,简约风服装
795,,,,,,简约风服装
796,,,,,,简约风服装
797,,,,,,朋克风服装
798,,,,,,OL风服装
799,,,,,,朋克风服装
800,,,,,,民族风服装
801,,,,,,简约风服装
802,,,,,,朋克风服装
803,,,,,,欧美风服装
804,,,,,,嘻哈风服装
805,,,,,,朋克风服装
806,,,,,,嘻哈风服装
807,,,,,,街头风服装
808,,,,,,田园风服装
809,,,,,,简约风服装
810,,,,,,田园风服装
811,,,,,,简约风服装
812,,,,,,街头风服装
813,,,,,,简约风服装
814,,,,,,街头风服装
815,,,,,,欧美风服装
816,,,,,,嘻哈风服装
817,,,,,,简约风服装
818,,,,,,街头风服装
819,,,,,,通勤风服装
820,,,,,,朋克风服装
821,,,,,,简约风服装
822,,,,,,街头风服装
823,,,,,,简约风服装
824,,,,,,民族风服装
825,,,,,,简约风服装
826,,,,,,民族风服装
827,,,,,,朋克风服装
828,,,,,,街头风服装
829,,,,,,田园风服装
830,,,,,,中性风服装
831,,,,,,田园风服装
832,,,,,,简约风服装
833,,,,,,嘻哈风服装
834,,,,,,通勤风服装
835,,,,,,简约风服装
836,,,,,,嘻哈风服装
837,,,,,,简约风服装
838,,,,,,街头风服装
839,,,,,,洛丽塔风服装
840,,,,,,简约风服装
841,,,,,,通勤风服装
842,,,,,,嘻哈风服装
843,,,,,,简约风服装
844,,,,,,街头风服装
845,,,,,,民族风服装
846,,,,,,民族风服装
847,,,,,,可爱系服装
848,,,,,,百搭系服装
849,,,,,,嘻哈风服装
850,,,,,,通勤风服装
851,,,,,,通勤风服装
852,,,,,,街头风服装
853,,,,,,田园风服装
854,,,,,,街头风服装
855,,,,,,简约风服装
856,,,,,,朋克风服装
857,,,,,,朋克风服装
858,,,,,,通勤风服装
859,,,,,,田园风服装
860,,,,,,通勤风服装
861,,,,,,民族风服装
862,,,,,,田园风服装
863,,,,,,简约风服装
864,,,,,,朋克风服装
865,,,,,,嘻哈风服装
866,,,,,,简约风服装
867,,,,,,中性风服装
868,,,,,,简约风服装
869,,,,,,田园风服装
870,,,,,,简约风服装
871,,,,,,洛丽塔风服装
872,,,,,,嘻哈风服装
873,,,,,,朋克风服装
874,,,,,,通勤风服装
875,,,,,,可爱系服装
876,,,,,,嘻哈风服装
877,,,,,,简约风服装
878,,,,,,通勤风服装
879,,,,,,欧美风服装
880,,,,,,洛丽塔风服装
881,,,,,,民族风服装
882,,,,,,简约风服装
883,,,,,,中性风服装
884,,,,,,嘻哈风服装
885,,,,,,嘻哈风服装
886,,,,,,通勤风服装
887,,,,,,简约风服装
888,,,,,,田园风服装
889,,,,,,简约风服装
890,,,,,,简约风服装
891,,,,,,简约风服装
892,,,,,,简约风服装
893,,,,,,简约风服装
894,,,,,,简约风服装
895,,,,,,街头风服装
896,,,,,,民族风服装
897,,,,,,嘻哈风服装
898,,,,,,简约风服装
899,,,,,,简约风服装
900,,,,,,简约风服装
901,,,,,,民族风服装
902,,,,,,简约风服装
903,,,,,,洛丽塔风服装
904,,,,,,朋克风服装
905,,,,,,中性风服装
906,,,,,,朋克风服装
907,,,,,,通勤风服装
908,,,,,,朋克风服装
909,,,,,,嘻哈风服装
910,,,,,,通勤风服装
911,,,,,,简约风服装
912,,,,,,嘻哈风服装
913,,,,,,可爱系服装
914,,,,,,田园风服装
915,,,,,,嘻哈风服装
916,,,,,,简约风服装
917,,,,,,民族风服装
918,,,,,,嘻哈风服装
919,,,,,,民族风服装
920,,,,,,通勤风服装
921,,,,,,朋克风服装
922,,,,,,简约风服装
923,,,,,,简约风服装
924,,,,,,朋克风服装
925,,,,,,通勤风服装
926,,,,,,朋克风服装
927,,,,,,朋克风服装
928,,,,,,嘻哈风服装
929,,,,,,简约风服装
930,,,,,,田园风服装
931,,,,,,田园风服装
932,,,,,,嘻哈风服装
933,,,,,,民族风服装
934,,,,,,田园风服装
935,,,,,,简约风服装
936,,,,,,嘻哈风服装
937,,,,,,嘻哈风服装
938,,,,,,中性风服装
939,,,,,,简约风服装
940,,,,,,嘻哈风服装
941,,,,,,朋克风服装
942,,,,,,嘻哈风服装
943,,,,,,民族风服装
944,,,,,,简约风服装
945,,,,,,简约风服装
946,,,,,,嘻哈风服装
947,,,,,,通勤风服装
948,,,,,,朋克风服装
949,,,,,,朋克风服装
950,,,,,,通勤风服装
951,,,,,,田园风服装
952,,,,,,嘻哈风服装
953,,,,,,民族风服装
954,,,,,,嘻哈风服装
955,,,,,,民族风服装
956,,,,,,简约风服装
957,,,,,,嘻哈风服装
958,,,,,,简约风服装
959,,,,,,朋克风服装
960,,,,,,嘻哈风服装
961,,,,,,简约风服装
962,,,,,,通勤风服装
963,,,,,,简约风服装
964,,,,,,嘻哈风服装
965,,,,,,洛丽塔风服装
966,,,,,,简约风服装
967,,,,,,朋克风服装
968,,,,,,通勤风服装
969,,,,,,嘻哈风服装
970,,,,,,田园风服装
971,,,,,,简约风服装
972,,,,,,嘻哈风服装
973,,,,,,朋克风服装
974,,,,,,简约风服装
975,,,,,,简约风服装
976,,,,,,简约风服装
977,,,,,,民族风服装
978,,,,,,中性风服装
979,,,,,,简约风服装
980,,,,,,民族风服装
981,,,,,,民族风服装
982,,,,,,简约风服装
983,,,,,,田园风服装
984,,,,,,简约风服装
985,,,,,,田园风服装
986,,,,,,通勤风服装
987,,,,,,嘻哈风服装
988,,,,,,洛丽塔风服装
989,,,,,,韩版系服装
990,,,,,,朋克风服装
991,,,,,,简约风服装
992,,,,,,嘻哈风服装
993,,,,,,嘻哈风服装
994,,,,,,简约风服装
995,,,,,,洛丽塔风服装
996,,,,,,简约风服装
997,,,,,,通勤风服装
998,,,,,,简约风服装
999,,,,,,简约风服装
1000,,,,,,简约风服装
1001,,,,,,通勤风服装
1002,,,,,,田园风服装
1003,,,,,,通勤风服装
1004,,,,,,朋克风服装
1005,,,,,,民族风服装
1006,,,,,,嘻哈风服装
1007,,,,,,田园风服装
1008,,,,,,简约风服装
1009,,,,,,简约风服装
1010,,,,,,民族风服装
1011,,,,,,田园风服装
1012,,,,,,简约风服装
1013,,,,,,民族风服装
1014,,,,,,朋克风服装
1015,,,,,,通勤风服装
1016,,,,,,简约风服装
1017,,,,,,田园风服装
1018,,,,,,民族风服装
1019,,,,,,民族风服装
1020,,,,,,朋克风服装
1021,,,,,,简约风服装
1022,,,,,,嘻哈风服装
1023,,,,,,田园风服装
1024,,,,,,田园风服装
1025,,,,,,简约风服装
1026,,,,,,田园风服装
1027,,,,,,民族风服装
1028,,,,,,简约风服装
1029,,,,,,简约风服装
1030,,,,,,简约风服装
1031,,,,,,洛丽塔风服装
1032,,,,,,简约风服装
1033,,,,,,街头风服装
1034,,,,,,嘻哈风服装
1035,,,,,,嘻哈风服装
1036,,,,,,嘻哈风服装
1037,,,,,,洛丽塔风服装
1038,,,,,,简约风服装
1039,,,,,,民族风服装
1040,,,,,,田园风服装
1041,,,,,,民族风服装
1042,,,,,,田园风服装
1043,,,,,,田园风服装
1044,,,,,,朋克风服装
1045,,,,,,朋克风服装
1046,,,,,,朋克风服装
1047,,,,,,街头风服装
1048,,,,,,简约风服装
1049,,,,,,田园风服装
1050,,,,,,中性风服装
1051,,,,,,简约风服装
1052,,,,,,简约风服装
1053,,,,,,街头风服装
1054,,,,,,简约风服装
1055,,,,,,通勤风服装
1056,,,,,,简约风服装
1057,,,,,,简约风服装
1058,,,,,,朋克风服装
1059,,,,,,朋克风服装
1060,,,,,,简约风服装
1061,,,,,,民族风服装
1062,,,,,,街头风服装
1063,,,,,,简约风服装
1064,,,,,,朋克风服装
1065,,,,,,简约风服装
1066,,,,,,欧美风服装
1067,,,,,,民族风服装
1068,,,,,,简约风服装
1069,,,,,,欧美风服装
1070,,,,,,简约风服装
1071,,,,,,民族风服装
1072,,,,,,嘻哈风服装
1073,,,,,,民族风服装
1074,,,,,,民族风服装
1075,,,,,,简约风服装
1076,,,,,,简约风服装
1077,,,,,,简约风服装
1078,,,,,,田园风服装
1079,,,,,,简约风服装
1080,,,,,,嘻哈风服装
1081,,,,,,简约风服装
1082,,,,,,简约风服装
1083,,,,,,简约风服装
1084,,,,,,田园风服装
1085,,,,,,通勤风服装
1086,,,,,,简约风服装
1087,,,,,,田园风服装
1088,,,,,,街头风服装
1089,,,,,,简约风服装
1090,,,,,,通勤风服装
1091,,,,,,简约风服装
1092,,,,,,简约风服装
1093,,,,,,朋克风服装
1094,,,,,,简约风服装
1095,,,,,,简约风服装
1096,,,,,,朋克风服装
1097,,,,,,中性风服装
1098,,,,,,简约风服装
1099,,,,,,嘻哈风服装
1100,,,,,,简约风服装
1101,,,,,,嘻哈风服装
1102,,,,,,简约风服装
1103,,,,,,简约风服装
1104,,,,,,洛丽塔风服装
1105,,,,,,简约风服装
1106,,,,,,简约风服装
1107,,,,,,洛丽塔风服装
1108,,,,,,简约风服装
1109,,,,,,简约风服装
1110,,,,,,民族风服装
1111,,,,,,民族风服装
1112,,,,,,民族风服装
1113,,,,,,民族风服装
1114,,,,,,朋克风服装
1115,,,,,,洛丽塔风服装
1116,,,,,,嘻哈风服装
1117,,,,,,简约风服装
1118,,,,,,洛丽塔风服装
1119,,,,,,街头风服装
1120,,,,,,嘻哈风服装
1121,,,,,,嘻哈风服装
1122,,,,,,简约风服装
1123,,,,,,可爱系服装
1124,,,,,,街头风服装
1125,,,,,,田园风服装
1126,,,,,,简约风服装
1127,,,,,,朋克风服装
1128,,,,,,简约风服装
1129,,,,,,简约风服装
1130,,,,,,嘻哈风服装
1131,,,,,,朋克风服装
1132,,,,,,民族风服装
1133,,,,,,嘻哈风服装
1134,,,,,,街头风服装
1135,,,,,,嘻哈风服装
1136,,,,,,朋克风服装
1137,,,,,,民族风服装
1138,,,,,,简约风服装
1139,,,,,,中性风服装
1140,,,,,,简约风服装
1141,,,,,,街头风服装
1142,,,,,,朋克风服装
1143,,,,,,通勤风服装
1144,,,,,,朋克风服装
1145,,,,,,简约风服装
1146,,,,,,简约风服装
1147,,,,,,嘻哈风服装
1148,,,,,,通勤风服装
1149,,,,,,通勤风服装
1150,,,,,,嘻哈风服装
1151,,,,,,民族风服装
1152,,,,,,嘻哈风服装
1153,,,,,,韩版系服装
1154,,,,,,简约风服装
1155,,,,,,简约风服装
1156,,,,,,可爱系服装
1157,,,,,,嘻哈风服装
1158,,,,,,中性风服装
1159,,,,,,朋克风服装
1160,,,,,,简约风服装
1161,,,,,,通勤风服装
1162,,,,,,朋克风服装
1163,,,,,,民族风服装
1164,,,,,,嘻哈风服装
1165,,,,,,简约风服装
1166,,,,,,民族风服装
1167,,,,,,可爱系服装
1168,,,,,,嘻哈风服装
1169,,,,,,可爱系服装
1170,,,,,,通勤风服装
1171,,,,,,嘻哈风服装
1172,,,,,,田园风服装
1173,,,,,,民族风服装
1174,,,,,,通勤风服装
1175,,,,,,民族风服装
1176,,,,,,嘻哈风服装
1177,,,,,,朋克风服装
1178,,,,,,欧美风服装
1179,,,,,,田园风服装
1180,,,,,,简约风服装
1181,,,,,,简约风服装
1182,,,,,,简约风服装
1183,,,,,,朋克风服装
1184,,,,,,嘻哈风服装
1185,,,,,,通勤风服装
1186,,,,,,嘻哈风服装
1187,,,,,,嘻哈风服装
1188,,,,,,嘻哈风服装
1189,,,,,,简约风服装
1190,,,,,,民族风服装
1191,,,,,,欧美风服装
1192,,,,,,嘻哈风服装
1193,,,,,,民族风服装
1194,,,,,,学院风服装
1195,,,,,,民族风服装
1196,,,,,,田园风服装
1197,,,,,,简约风服装
1198,,,,,,朋克风服装
1199,,,,,,简约风服装
1200,,,,,,简约风服装
1201,,,,,,通勤风服装
1202,,,,,,通勤风服装
1203,,,,,,简约风服装
1204,,,,,,简约风服装
1205,,,,,,简约风服装
1206,,,,,,田园风服装
1207,,,,,,民族风服装
1208,,,,,,简约风服装
1209,,,,,,通勤风服装
1210,,,,,,民族风服装
1211,,,,,,田园风服装
1212,,,,,,通勤风服装
1213,,,,,,民族风服装
1214,,,,,,嘻哈风服装
1215,,,,,,朋克风服装
1216,,,,,,简约风服装
1217,,,,,,洛丽塔风服装
1218,,,,,,中性风服装
1219,,,,,,简约风服装
1220,,,,,,简约风服装
1221,,,,,,街头风服装
1222,,,,,,洛丽塔风服装
1223,,,,,,朋克风服装
1224,,,,,,欧美风服装
1225,,,,,,中性风服装
1226,,,,,,田园风服装
1227,,,,,,简约风服装
1228,,,,,,简约风服装
1229,,,,,,朋克风服装
1230,,,,,,简约风服装
1231,,,,,,简约风服装
1232,,,,,,嘻哈风服装
1233,,,,,,通勤风服装
1234,,,,,,嘻哈风服装
1235,,,,,,中性风服装
1236,,,,,,田园风服装
1237,,,,,,简约风服装
1238,,,,,,简约风服装
1239,,,,,,欧美风服装
1240,,,,,,简约风服装
1241,,,,,,简约风服装
1242,,,,,,简约风服装
1243,,,,,,街头风服装
1244,,,,,,简约风服装
1245,,,,,,田园风服装
1246,,,,,,简约风服装
1247,,,,,,学院风服装
1248,,,,,,田园风服装
1249,,,,,,简约风服装
1250,,,,,,简约风服装
1251,,,,,,通勤风服装
1252,,,,,,简约风服装
1253,,,,,,嘻哈风服装
1254,,,,,,民族风服装
1255,,,,,,简约风服装
1256,,,,,,嘻哈风服装
1257,,,,,,朋克风服装
1258,,,,,,嘻哈风服装
1259,,,,,,田园风服装
1260,,,,,,田园风服装
1261,,,,,,田园风服装
1262,,,,,,街头风服装
1263,,,,,,洛丽塔风服装
1264,,,,,,街头风服装
1265,,,,,,嘻哈风服装
1266,,,,,,田园风服装
1267,,,,,,嘻哈风服装
1268,,,,,,简约风服装
1269,,,,,,简约风服装
1270,,,,,,简约风服装
1271,,,,,,民族风服装
1272,,,,,,简约风服装
1273,,,,,,田园风服装
1274,,,,,,朋克风服装
1275,,,,,,民族风服装
1276,,,,,,朋克风服装
1277,,,,,,嘻哈风服装
1278,,,,,,朋克风服装
1279,,,,,,朋克风服装
1280,,,,,,简约风服装
1281,,,,,,嘻哈风服装
1282,,,,,,朋克风服装
1283,,,,,,通勤风服装
1284,,,,,,简约风服装
1285,,,,,,OL风服装
1286,,,,,,田园风服装
1287,,,,,,简约风服装
1288,,,,,,简约风服装
1289,,,,,,田园风服装
1290,,,,,,田园风服装
1291,,,,,,朋克风服装
1292,,,,,,通勤风服装
1293,,,,,,民族风服装
1294,,,,,,朋克风服装
1295,,,,,,简约风服装
1296,,,,,,简约风服装
1297,,,,,,简约风服装
1298,,,,,,简约风服装
1299,,,,,,嘻哈风服装
1300,,,,,,欧美风服装
1301,,,,,,朋克风服装
1302,,,,,,简约风服装
1303,,,,,,简约风服装
1304,,,,,,简约风服装
1305,,,,,,民族风服装
1306,,,,,,朋克风服装
1307,,,,,,简约风服装
1308,,,,,,通勤风服装
1309,,,,,,韩版系服装
1310,,,,,,通勤风服装
1311,,,,,,街头风服装
1312,,,,,,田园风服装
1313,,,,,,民族风服装
1314,,,,,,通勤风服装
1315,,,,,,嘻哈风服装
1316,,,,,,嘻哈风服装
1317,,,,,,简约风服装
1318,,,,,,简约风服装
1319,,,,,,通勤风服装
1320,,,,,,田园风服装
1321,,,,,,田园风服装
1322,,,,,,民族风服装
1323,,,,,,嘻哈风服装
1324,,,,,,嘻哈风服装
1325,,,,,,简约风服装
1326,,,,,,通勤风服装
1327,,,,,,欧美风服装
1328,,,,,,街头风服装
1329,,,,,,嘻哈风服装
1330,,,,,,简约风服装
1331,,,,,,简约风服装
1332,,,,,,民族风服装
1333,,,,,,简约风服装
1334,,,,,,欧美风服装
1335,,,,,,田园风服装
1336,,,,,,民族风服装
1337,,,,,,嘻哈风服装
1338,,,,,,嘻哈风服装
1339,,,,,,民族风服装
1340,,,,,,简约风服装
1341,,,,,,简约风服装
1342,,,,,,朋克风服装
1343,,,,,,通勤风服装
1344,,,,,,田园风服装
1345,,,,,,朋克风服装
1346,,,,,,民族风服装
1347,,,,,,嘻哈风服装
1348,,,,,,简约风服装
1349,,,,,,街头风服装
1350,,,,,,民族风服装
1351,,,,,,嘻哈风服装
1352,,,,,,简约风服装
1353,,,,,,简约风服装
1354,,,,,,朋克风服装
1355,,,,,,街头风服装
1356,,,,,,简约风服装
1357,,,,,,朋克风服装
1358,,,,,,田园风服装
1359,,,,,,百搭系服装
1360,,,,,,洛丽塔风服装
1361,,,,,,韩版系服装
1362,,,,,,欧美风服装
1363,,,,,,朋克风服装
1364,,,,,,田园风服装
1365,,,,,,简约风服装
1366,,,,,,田园风服装
1367,,,,,,嘻哈风服装
1368,,,,,,朋克风服装
1369,,,,,,简约风服装
1370,,,,,,田园风服装
1371,,,,,,田园风服装
1372,,,,,,简约风服装
1373,,,,,,朋克风服装
1374,,,,,,民族风服装
1375,,,,,,百搭系服装
1376,,,,,,嘻哈风服装
1377,,,,,,简约风服装
1378,,,,,,街头风服装
1379,,,,,,中性风服装
1380,,,,,,简约风服装
1381,,,,,,朋克风服装
1382,,,,,,田园风服装
1383,,,,,,简约风服装
1384,,,,,,民族风服装
1385,,,,,,田园风服装
1386,,,,,,嘻哈风服装
1387,,,,,,朋克风服装
1388,,,,,,街头风服装
1389,,,,,,田园风服装
1390,,,,,,简约风服装
1391,,,,,,简约风服装
1392,,,,,,中性风服装
1393,,,,,,简约风服装
1394,,,,,,中性风服装
1395,,,,,,嘻哈风服装
1396,,,,,,欧美风服装
1397,,,,,,欧美风服装
1398,,,,,,朋克风服装
1399,,,,,,嘻哈风服装
1400,,,,,,民族风服装
1401,,,,,,通勤风服装
1402,,,,,,嘻哈风服装
1403,,,,,,嘻哈风服装
1404,,,,,,民族风服装
1405,,,,,,洛丽塔风服装
1406,,,,,,朋克风服装
1407,,,,,,民族风服装
1408,,,,,,田园风服装
1409,,,,,,简约风服装
1410,,,,,,简约风服装
1411,,,,,,通勤风服装
1412,,,,,,民族风服装
1413,,,,,,民族风服装
1414,,,,,,朋克风服装
1415,,,,,,民族风服装
1416,,,,,,民族风服装
1417,,,,,,通勤风服装
1418,,,,,,朋克风服装
1419,,,,,,田园风服装
1420,,,,,,田园风服装
1421,,,,,,简约风服装
1422,,,,,,简约风服装
1423,,,,,,简约风服装
1424,,,,,,简约风服装
1425,,,,,,朋克风服装
1426,,,,,,街头风服装
1427,,,,,,简约风服装
1428,,,,,,民族风服装
1429,,,,,,嘻哈风服装
1430,,,,,,朋克风服装
1431,,,,,,民族风服装
1432,,,,,,田园风服装
1433,,,,,,简约风服装
1434,,,,,,中性风服装
1435,,,,,,朋克风服装
1436,,,,,,民族风服装
1437,,,,,,嘻哈风服装
1438,,,,,,简约风服装
1439,,,,,,欧美风服装
1440,,,,,,田园风服装
1441,,,,,,简约风服装
1442,,,,,,通勤风服装
1443,,,,,,洛丽塔风服装
1444,,,,,,街头风服装
1445,,,,,,简约风服装
1446,,,,,,简约风服装
1447,,,,,,民族风服装
1448,,,,,,简约风服装
1449,,,,,,洛丽塔风服装
1450,,,,,,朋克风服装
1451,,,,,,简约风服装
1452,,,,,,朋克风服装
1453,,,,,,嘻哈风服装
1454,,,,,,通勤风服装
1455,,,,,,简约风服装
1456,,,,,,街头风服装
1457,,,,,,田园风服装
1458,,,,,,民族风服装
1459,,,,,,朋克风服装
1460,,,,,,田园风服装
1461,,,,,,通勤风服装
1462,,,,,,嘻哈风服装
1463,,,,,,洛丽塔风服装
1464,,,,,,民族风服装
1465,,,,,,嘻哈风服装
1466,,,,,,简约风服装
1467,,,,,,田园风服装
1468,,,,,,民族风服装
1469,,,,,,嘻哈风服装
1470,,,,,,简约风服装
1471,,,,,,简约风服装
1472,,,,,,朋克风服装
1473,,,,,,街头风服装
1474,,,,,,简约风服装
1475,,,,,,嘻哈风服装
1476,,,,,,嘻哈风服装
1477,,,,,,简约风服装
1478,,,,,,简约风服装
1479,,,,,,嘻哈风服装
1480,,,,,,田园风服装
1481,,,,,,欧美风服装
1482,,,,,,朋克风服装
1483,,,,,,嘻哈风服装
1484,,,,,,简约风服装
1485,,,,,,田园风服装
1486,,,,,,通勤风服装
1487,,,,,,朋克风服装
1488,,,,,,简约风服装
1489,,,,,,中性风服装
1490,,,,,,简约风服装
1491,,,,,,田园风服装
1492,,,,,,街头风服装
1493,,,,,,田园风服装
1494,,,,,,简约风服装
1495,,,,,,朋克风服装
1496,,,,,,嘻哈风服装
1497,,,,,,简约风服装
1498,,,,,,街头风服装
1499,,,,,,田园风服装
1500,,,,,,简约风服装
1501,,,,,,田园风服装
1502,,,,,,通勤风服装
1503,,,,,,简约风服装
1504,,,,,,简约风服装
1505,,,,,,民族风服装
1506,,,,,,韩版系服装
1507,,,,,,韩版系服装
1508,,,,,,学院风服装
1509,,,,,,田园风服装
1510,,,,,,简约风服装
1511,,,,,,韩版系服装
1512,,,,,,简约风服装
1513,,,,,,田园风服装
1514,,,,,,田园风服装
1515,,,,,,简约风服装
1516,,,,,,田园风服装
1517,,,,,,通勤风服装
1518,,,,,,嘻哈风服装
1519,,,,,,嘻哈风服装
1520,,,,,,民族风服装
1521,,,,,,街头风服装
1522,,,,,,洛丽塔风服装
1523,,,,,,街头风服装
1524,,,,,,田园风服装
1525,,,,,,民族风服装
1526,,,,,,中性风服装
1527,,,,,,简约风服装
1528,,,,,,田园风服装
1529,,,,,,欧美风服装
1530,,,,,,民族风服装
1531,,,,,,民族风服装
1532,,,,,,通勤风服装
1533,,,,,,简约风服装
1534,,,,,,简约风服装
1535,,,,,,田园风服装
1536,,,,,,通勤风服装
1537,,,,,,朋克风服装
1538,,,,,,嘻哈风服装
1539,,,,,,简约风服装
1540,,,,,,简约风服装
1541,,,,,,洛丽塔风服装
1542,,,,,,民族风服装
1543,,,,,,欧美风服装
1544,,,,,,学院风服装
1545,,,,,,民族风服装
1546,,,,,,简约风服装
1547,,,,,,简约风服装
1548,,,,,,民族风服装
1549,,,,,,嘻哈风服装
1550,,,,,,朋克风服装
1551,,,,,,简约风服装
1552,,,,,,民族风服装
1553,,,,,,嘻哈风服装
1554,,,,,,民族风服装
1555,,,,,,民族风服装
1556,,,,,,简约风服装
1557,,,,,,简约风服装
1558,,,,,,嘻哈风服装
1559,,,,,,欧美风服装
1560,,,,,,嘻哈风服装
1561,,,,,,简约风服装
1562,,,,,,民族风服装
1563,,,,,,嘻哈风服装
1564,,,,,,朋克风服装
1565,,,,,,通勤风服装
1566,,,,,,朋克风服装
1567,,,,,,民族风服装
1568,,,,,,朋克风服装
1569,,,,,,简约风服装
1570,,,,,,田园风服装
1571,,,,,,田园风服装
1572,,,,,,简约风服装
1573,,,,,,民族风服装
1574,,,,,,嘻哈风服装
1575,,,,,,嘻哈风服装
1576,,,,,,朋克风服装
1577,,,,,,嘻哈风服装
1578,,,,,,嘻哈风服装
1579,,,,,,街头风服装
1580,,,,,,简约风服装
1581,,,,,,洛丽塔风服装
1582,,,,,,通勤风服装
1583,,,,,,通勤风服装
1584,,,,,,田园风服装
1585,,,,,,简约风服装
1586,,,,,,简约风服装
1587,,,,,,简约风服装
1588,,,,,,简约风服装
1589,,,,,,简约风服装
1590,,,,,,田园风服装
1591,,,,,,嘻哈风服装
1592,,,,,,嘻哈风服装
1593,,,,,,简约风服装
1594,,,,,,简约风服装
1595,,,,,,田园风服装
1596,,,,,,简约风服装
1597,,,,,,通勤风服装
1598,,,,,,朋克风服装
1599,,,,,,朋克风服装
1600,,,,,,田园风服装
1601,,,,,,民族风服装
1602,,,,,,通勤风服装
1603,,,,,,洛丽塔风服装
1604,,,,,,街头风服装
1605,,,,,,田园风服装
1606,,,,,,朋克风服装
1607,,,,,,朋克风服装
1608,,,,,,朋克风服装
1609,,,,,,简约风服装
1610,,,,,,简约风服装
1611,,,,,,朋克风服装
1612,,,,,,朋克风服装
1613,,,,,,简约风服装
1614,,,,,,嘻哈风服装
1615,,,,,,嘻哈风服装
1616,,,,,,简约风服装
1617,,,,,,简约风服装
1618,,,,,,朋克风服装
1619,,,,,,朋克风服装
1620,,,,,,朋克风服装
1621,,,,,,田园风服装
1622,,,,,,田园风服装
1623,,,,,,嘻哈风服装
1624,,,,,,街头风服装
1625,,,,,,民族风服装
1626,,,,,,田园风服装
1627,,,,,,简约风服装
1628,,,,,,通勤风服装
1629,,,,,,简约风服装
1630,,,,,,朋克风服装
1631,,,,,,嘻哈风服装
1632,,,,,,简约风服装
1633,,,,,,街头风服装
1634,,,,,,朋克风服装
1635,,,,,,街头风服装
1636,,,,,,民族风服装
1637,,,,,,民族风服装
1638,,,,,,简约风服装
1639,,,,,,通勤风服装
1640,,,,,,简约风服装
1641,,,,,,简约风服装
1642,,,,,,简约风服装
1643,,,,,,街头风服装
1644,,,,,,民族风服装
1645,,,,,,民族风服装
1646,,,,,,田园风服装
1647,,,,,,朋克风服装
1648,,,,,,嘻哈风服装
1649,,,,,,可爱系服装
1650,,,,,,民族风服装
1651,,,,,,简约风服装
1652,,,,,,简约风服装
1653,,,,,,民族风服装
1654,,,,,,朋克风服装
1655,,,,,,朋克风服装
1656,,,,,,朋克风服装
1657,,,,,,民族风服装
1658,,,,,,街头风服装
1659,,,,,,街头风服装
1660,,,,,,朋克风服装
1661,,,,,,嘻哈风服装
1662,,,,,,街头风服装
1663,,,,,,嘻哈风服装
1664,,,,,,通勤风服装
1665,,,,,,民族风服装
1666,,,,,,通勤风服装
1667,,,,,,简约风服装
1668,,,,,,简约风服装
1669,,,,,,朋克风服装
1670,,,,,,简约风服装
1671,,,,,,简约风服装
1672,,,,,,嘻哈风服装
1673,,,,,,朋克风服装
1674,,,,,,通勤风服装
1675,,,,,,简约风服装
1676,,,,,,欧美风服装
1677,,,,,,通勤风服装
1678,,,,,,简约风服装
1679,,,,,,嘻哈风服装
1680,,,,,,简约风服装
1681,,,,,,简约风服装
1682,,,,,,民族风服装
1683,,,,,,简约风服装
1684,,,,,,简约风服装
1685,,,,,,民族风服装
1686,,,,,,简约风服装
1687,,,,,,简约风服装
1688,,,,,,朋克风服装
1689,,,,,,简约风服装
1690,,,,,,民族风服装
1691,,,,,,通勤风服装
1692,,,,,,民族风服装
1693,,,,,,通勤风服装
1694,,,,,,洛丽塔风服装
1695,,,,,,简约风服装
1696,,,,,,简约风服装
1697,,,,,,街头风服装
1698,,,,,,简约风服装
1699,,,,,,欧美风服装
1700,,,,,,田园风服装
1701,,,,,,简约风服装
1702,,,,,,通勤风服装
1703,,,,,,嘻哈风服装
1704,,,,,,通勤风服装
1705,,,,,,朋克风服装
1706,,,,,,田园风服装
1707,,,,,,简约风服装
1708,,,,,,简约风服装
1709,,,,,,通勤风服装
1710,,,,,,田园风服装
1711,,,,,,简约风服装
1712,,,,,,简约风服装
1713,,,,,,简约风服装
1714,,,,,,嘻哈风服装
1715,,,,,,简约风服装
1716,,,,,,简约风服装
1717,,,,,,简约风服装
1718,,,,,,简约风服装
1719,,,,,,简约风服装
1720,,,,,,民族风服装
1721,,,,,,田园风服装
1722,,,,,,简约风服装
1723,,,,,,简约风服装
1724,,,,,,简约风服装
1725,,,,,,街头风服装
1726,,,,,,简约风服装
1727,,,,,,朋克风服装
1728,,,,,,嘻哈风服装
1729,,,,,,田园风服装
1730,,,,,,简约风服装
1731,,,,,,朋克风服装
1732,,,,,,朋克风服装
1733,,,,,,田园风服装
1734,,,,,,欧美风服装
1735,,,,,,简约风服装
1736,,,,,,简约风服装
1737,,,,,,简约风服装
1738,,,,,,街头风服装
1739,,,,,,田园风服装
1740,,,,,,简约风服装
1741,,,,,,嘻哈风服装
1742,,,,,,通勤风服装
1743,,,,,,简约风服装
1744,,,,,,街头风服装
1745,,,,,,通勤风服装
1746,,,,,,欧美风服装
1747,,,,,,简约风服装
1748,,,,,,嘻哈风服装
1749,,,,,,嘻哈风服装
1750,,,,,,民族风服装
1751,,,,,,嘻哈风服装
1752,,,,,,民族风服装
1753,,,,,,简约风服装
1754,,,,,,田园风服装
1755,,,,,,街头风服装
1756,,,,,,简约风服装
1757,,,,,,通勤风服装
1758,,,,,,嘻哈风服装
1759,,,,,,民族风服装
1760,,,,,,简约风服装
1761,,,,,,通勤风服装
1762,,,,,,朋克风服装
1763,,,,,,嘻哈风服装
1764,,,,,,简约风服装
1765,,,,,,可爱系服装
1766,,,,,,通勤风服装
1767,,,,,,简约风服装
1768,,,,,,中性风服装
1769,,,,,,中性风服装
1770,,,,,,街头风服装
1771,,,,,,简约风服装
1772,,,,,,朋克风服装
1773,,,,,,民族风服装
1774,,,,,,田园风服装
1775,,,,,,嘻哈风服装
1776,,,,,,韩版系服装
1777,,,,,,嘻哈风服装
1778,,,,,,韩版系服装
1779,,,,,,欧美风服装
1780,,,,,,简约风服装
1781,,,,,,简约风服装
1782,,,,,,民族风服装
1783,,,,,,田园风服装
1784,,,,,,通勤风服装
1785,,,,,,朋克风服装
1786,,,,,,田园风服装
1787,,,,,,民族风服装
1788,,,,,,朋克风服装
1789,,,,,,街头风服装
1790,,,,,,简约风服装
1791,,,,,,简约风服装
1792,,,,,,朋克风服装
1793,,,,,,街头风服装
1794,,,,,,街头风服装
1795,,,,,,民族风服装
1796,,,,,,朋克风服装
1797,,,,,,中性风服装
1798,,,,,,朋克风服装
1799,,,,,,田园风服装
1800,,,,,,田园风服装
1801,,,,,,简约风服装
1802,,,,,,嘻哈风服装
1803,,,,,,街头风服装
1804,,,,,,田园风服装
1805,,,,,,简约风服装
1806,,,,,,田园风服装
1807,,,,,,简约风服装
1808,,,,,,街头风服装
1809,,,,,,田园风服装
1810,,,,,,简约风服装
1811,,,,,,田园风服装
1812,,,,,,民族风服装
1813,,,,,,田园风服装
1814,,,,,,民族风服装
1815,,,,,,田园风服装
1816,,,,,,简约风服装
1817,,,,,,田园风服装
1818,,,,,,简约风服装
1819,,,,,,简约风服装
1820,,,,,,民族风服装
1821,,,,,,简约风服装
1822,,,,,,简约风服装
1823,,,,,,朋克风服装
1824,,,,,,民族风服装
1825,,,,,,街头风服装
1826,,,,,,嘻哈风服装
1827,,,,,,朋克风服装
1828,,,,,,简约风服装
1829,,,,,,嘻哈风服装
1830,,,,,,洛丽塔风服装
1831,,,,,,民族风服装
1832,,,,,,朋克风服装
1833,,,,,,田园风服装
1834,,,,,,嘻哈风服装
1835,,,,,,百搭系服装
1836,,,,,,街头风服装
1837,,,,,,中性风服装
1838,,,,,,通勤风服装
1839,,,,,,中性风服装
1840,,,,,,欧美风服装
1841,,,,,,街头风服装
1842,,,,,,嘻哈风服装
1843,,,,,,通勤风服装
1844,,,,,,田园风服装
1845,,,,,,嘻哈风服装
1846,,,,,,朋克风服装
1847,,,,,,通勤风服装
1848,,,,,,简约风服装
1849,,,,,,简约风服装
1850,,,,,,嘻哈风服装
1851,,,,,,嘻哈风服装
1852,,,,,,朋克风服装
1853,,,,,,中性风服装
1854,,,,,,田园风服装
1855,,,,,,中性风服装
1856,,,,,,简约风服装
1857,,,,,,嘻哈风服装
1858,,,,,,田园风服装
1859,,,,,,简约风服装
1860,,,,,,街头风服装
1861,,,,,,简约风服装
1862,,,,,,街头风服装
1863,,,,,,朋克风服装
1864,,,,,,简约风服装
1865,,,,,,田园风服装
1866,,,,,,街头风服装
1867,,,,,,朋克风服装
1868,,,,,,田园风服装
1869,,,,,,嘻哈风服装
1870,,,,,,简约风服装
1871,,,,,,街头风服装
1872,,,,,,简约风服装
1873,,,,,,朋克风服装
1874,,,,,,朋克风服装
1875,,,,,,嘻哈风服装
1876,,,,,,朋克风服装
1877,,,,,,田园风服装
1878,,,,,,简约风服装
1879,,,,,,欧美风服装
1880,,,,,,田园风服装
1881,,,,,,通勤风服装
1882,,,,,,田园风服装
1883,,,,,,简约风服装
1884,,,,,,洛丽塔风服装
1885,,,,,,民族风服装
1886,,,,,,田园风服装
1887,,,,,,简约风服装
1888,,,,,,简约风服装
1889,,,,,,简约风服装
1890,,,,,,民族风服装
1891,,,,,,嘻哈风服装
1892,,,,,,民族风服装
1893,,,,,,简约风服装
1894,,,,,,简约风服装
1895,,,,,,朋克风服装
1896,,,,,,简约风服装
1897,,,,,,简约风服装
1898,,,,,,简约风服装
1899,,,,,,中性风服装
1900,,,,,,简约风服装
1901,,,,,,民族风服装
1902,,,,,,简约风服装
1903,,,,,,嘻哈风服装
1904,,,,,,通勤风服装
1905,,,,,,嘻哈风服装
1906,,,,,,欧美风服装
1907,,,,,,民族风服装
1908,,,,,,田园风服装
1909,,,,,,韩版系服装
1910,,,,,,街头风服装
1911,,,,,,韩版系服装
1912,,,,,,民族风服装
1913,,,,,,民族风服装
1914,,,,,,民族风服装
1915,,,,,,通勤风服装
1916,,,,,,民族风服装
1917,,,,,,通勤风服装
1918,,,,,,民族风服装
1919,,,,,,嘻哈风服装
1920,,,,,,洛丽塔风服装
1921,,,,,,通勤风服装
1922,,,,,,民族风服装
1923,,,,,,嘻哈风服装
1924,,,,,,街头风服装
1925,,,,,,田园风服装
1926,,,,,,通勤风服装
1927,,,,,,通勤风服装
1928,,,,,,简约风服装
1929,,,,,,通勤风服装
1930,,,,,,田园风服装
1931,,,,,,嘻哈风服装
1932,,,,,,嘻哈风服装
1933,,,,,,简约风服装
1934,,,,,,简约风服装
1935,,,,,,嘻哈风服装
1936,,,,,,简约风服装
1937,,,,,,田园风服装
1938,,,,,,嘻哈风服装
1939,,,,,,简约风服装
1940,,,,,,朋克风服装
1941,,,,,,嘻哈风服装
1942,,,,,,朋克风服装
1943,,,,,,嘻哈风服装
1944,,,,,,田园风服装
1945,,,,,,简约风服装
1946,,,,,,田园风服装
1947,,,,,,简约风服装
1948,,,,,,简约风服装
1949,,,,,,洛丽塔风服装
1950,,,,,,民族风服装
1951,,,,,,嘻哈风服装
1952,,,,,,简约风服装
1953,,,,,,朋克风服装
1954,,,,,,嘻哈风服装
1955,,,,,,简约风服装
1956,,,,,,简约风服装
1957,,,,,,洛丽塔风服装
1958,,,,,,简约风服装
1959,,,,,,朋克风服装
1960,,,,,,欧美风服装
1961,,,,,,田园风服装
1962,,,,,,简约风服装
1963,,,,,,田园风服装
1964,,,,,,嘻哈风服装
1965,,,,,,简约风服装
1966,,,,,,简约风服装
1967,,,,,,简约风服装
1968,,,,,,嘻哈风服装
1969,,,,,,朋克风服装
1970,,,,,,简约风服装
1971,,,,,,通勤风服装
1972,,,,,,街头风服装
1973,,,,,,中性风服装
1974,,,,,,洛丽塔风服装
1975,,,,,,通勤风服装
1976,,,,,,嘻哈风服装
1977,,,,,,简约风服装
1978,,,,,,可爱系服装
1979,,,,,,简约风服装
1980,,,,,,嘻哈风服装
1981,,,,,,简约风服装
1982,,,,,,简约风服装
1983,,,,,,街头风服装
1984,,,,,,嘻哈风服装
1985,,,,,,朋克风服装
1986,,,,,,简约风服装
1987,,,,,,民族风服装
1988,,,,,,民族风服装
1989,,,,,,朋克风服装
1990,,,,,,田园风服装
1991,,,,,,朋克风服装
1992,,,,,,朋克风服装
1993,,,,,,通勤风服装
1994,,,,,,简约风服装
1995,,,,,,简约风服装
1996,,,,,,通勤风服装
1997,,,,,,民族风服装
1998,,,,,,简约风服装
1999,,,,,,朋克风服装
2000,,,,,,简约风服装
2001,,,,,,民族风服装
2002,,,,,,田园风服装
2003,,,,,,简约风服装
2004,,,,,,简约风服装
2005,,,,,,简约风服装
2006,,,,,,朋克风服装
2007,,,,,,简约风服装
2008,,,,,,简约风服装
2009,,,,,,简约风服装
2010,,,,,,田园风服装
2011,,,,,,嘻哈风服装
2012,,,,,,嘻哈风服装
2013,,,,,,街头风服装
2014,,,,,,欧美风服装
2015,,,,,,嘻哈风服装
2016,,,,,,街头风服装
2017,,,,,,民族风服装
2018,,,,,,简约风服装
2019,,,,,,民族风服装
2020,,,,,,简约风服装
2021,,,,,,简约风服装
2022,,,,,,嘻哈风服装
2023,,,,,,简约风服装
2024,,,,,,民族风服装
2025,,,,,,通勤风服装
2026,,,,,,街头风服装
2027,,,,,,嘻哈风服装
2028,,,,,,简约风服装
2029,,,,,,简约风服装
2030,,,,,,洛丽塔风服装
2031,,,,,,通勤风服装
2032,,,,,,嘻哈风服装
2033,,,,,,简约风服装
2034,,,,,,简约风服装
2035,,,,,,简约风服装
2036,,,,,,嘻哈风服装
2037,,,,,,简约风服装
2038,,,,,,嘻哈风服装
2039,,,,,,街头风服装
2040,,,,,,通勤风服装
2041,,,,,,简约风服装
2042,,,,,,简约风服装
2043,,,,,,简约风服装
2044,,,,,,民族风服装
2045,,,,,,百搭系服装
2046,,,,,,简约风服装
2047,,,,,,通勤风服装
2048,,,,,,朋克风服装
2049,,,,,,田园风服装
2050,,,,,,街头风服装
2051,,,,,,简约风服装
2052,,,,,,民族风服装
2053,,,,,,简约风服装
2054,,,,,,民族风服装
2055,,,,,,朋克风服装
2056,,,,,,简约风服装
2057,,,,,,街头风服装
2058,,,,,,简约风服装
2059,,,,,,简约风服装
2060,,,,,,嘻哈风服装
2061,,,,,,嘻哈风服装
2062,,,,,,简约风服装
2063,,,,,,简约风服装
2064,,,,,,通勤风服装
2065,,,,,,简约风服装
2066,,,,,,田园风服装
2067,,,,,,简约风服装
2068,,,,,,街头风服装
2069,,,,,,通勤风服装
2070,,,,,,简约风服装
2071,,,,,,通勤风服装
2072,,,,,,民族风服装
2073,,,,,,通勤风服装
2074,,,,,,民族风服装
2075,,,,,,田园风服装
2076,,,,,,简约风服装
2077,,,,,,通勤风服装
2078,,,,,,欧美风服装
2079,,,,,,简约风服装
2080,,,,,,简约风服装
2081,,,,,,民族风服装
2082,,,,,,民族风服装
2083,,,,,,韩版系服装
2084,,,,,,简约风服装
2085,,,,,,简约风服装
2086,,,,,,嘻哈风服装
2087,,,,,,街头风服装
2088,,,,,,嘻哈风服装
2089,,,,,,田园风服装
2090,,,,,,简约风服装
2091,,,,,,嘻哈风服装
2092,,,,,,通勤风服装
2093,,,,,,通勤风服装
2094,,,,,,嘻哈风服装
2095,,,,,,街头风服装
2096,,,,,,简约风服装
2097,,,,,,嘻哈风服装
2098,,,,,,简约风服装
2099,,,,,,简约风服装
2100,,,,,,简约风服装
2101,,,,,,简约风服装
2102,,,,,,田园风服装
2103,,,,,,洛丽塔风服装
2104,,,,,,欧美风服装
2105,,,,,,简约风服装
2106,,,,,,简约风服装
2107,,,,,,朋克风服装
2108,,,,,,简约风服装
2109,,,,,,简约风服装
2110,,,,,,简约风服装
2111,,,,,,通勤风服装
2112,,,,,,朋克风服装
2113,,,,,,街头风服装
2114,,,,,,简约风服装
2115,,,,,,简约风服装
2116,,,,,,民族风服装
2117,,,,,,通勤风服装
2118,,,,,,简约风服装
2119,,,,,,通勤风服装
2120,,,,,,田园风服装
2121,,,,,,朋克风服装
2122,,,,,,洛丽塔风服装
2123,,,,,,通勤风服装
2124,,,,,,民族风服装
2125,,,,,,韩版系服装
2126,,,,,,简约风服装
2127,,,,,,街头风服装
2128,,,,,,朋克风服装
2129,,,,,,田园风服装
2130,,,,,,嘻哈风服装
2131,,,,,,嘻哈风服装
2132,,,,,,简约风服装
2133,,,,,,嘻哈风服装
2134,,,,,,朋克风服装
2135,,,,,,朋克风服装
2136,,,,,,朋克风服装
2137,,,,,,街头风服装
2138,,,,,,嘻哈风服装
2139,,,,,,街头风服装
2140,,,,,,简约风服装
2141,,,,,,田园风服装
2142,,,,,,田园风服装
2143,,,,,,民族风服装
2144,,,,,,街头风服装
2145,,,,,,嘻哈风服装
2146,,,,,,欧美风服装
2147,,,,,,嘻哈风服装
2148,,,,,,街头风服装
2149,,,,,,通勤风服装
2150,,,,,,通勤风服装
2151,,,,,,嘻哈风服装
2152,,,,,,朋克风服装
2153,,,,,,民族风服装
2154,,,,,,通勤风服装
2155,,,,,,田园风服装
2156,,,,,,田园风服装
2157,,,,,,嘻哈风服装
2158,,,,,,简约风服装
2159,,,,,,田园风服装
2160,,,,,,简约风服装
2161,,,,,,田园风服装
2162,,,,,,嘻哈风服装
2163,,,,,,嘻哈风服装
2164,,,,,,民族风服装
2165,,,,,,中性风服装
2166,,,,,,简约风服装
2167,,,,,,简约风服装
2168,,,,,,田园风服装
2169,,,,,,嘻哈风服装
2170,,,,,,民族风服装
2171,,,,,,简约风服装
2172,,,,,,田园风服装
2173,,,,,,嘻哈风服装
2174,,,,,,通勤风服装
2175,,,,,,嘻哈风服装
2176,,,,,,洛丽塔风服装
2177,,,,,,通勤风服装
2178,,,,,,民族风服装
2179,,,,,,田园风服装
2180,,,,,,通勤风服装
2181,,,,,,简约风服装
2182,,,,,,简约风服装
2183,,,,,,简约风服装
2184,,,,,,朋克风服装
2185,,,,,,朋克风服装
2186,,,,,,简约风服装
2187,,,,,,嘻哈风服装
2188,,,,,,民族风服装
2189,,,,,,朋克风服装
2190,,,,,,街头风服装
2191,,,,,,民族风服装
2192,,,,,,民族风服装
2193,,,,,,街头风服装
2194,,,,,,民族风服装
2195,,,,,,田园风服装
2196,,,,,,嘻哈风服装
2197,,,,,,民族风服装
2198,,,,,,民族风服装
2199,,,,,,嘻哈风服装
2200,,,,,,简约风服装
2201,,,,,,嘻哈风服装
2202,,,,,,嘻哈风服装
2203,,,,,,简约风服装
2204,,,,,,朋克风服装
2205,,,,,,田园风服装
2206,,,,,,通勤风服装
2207,,,,,,通勤风服装
2208,,,,,,中性风服装
2209,,,,,,朋克风服装
2210,,,,,,简约风服装
2211,,,,,,朋克风服装
2212,,,,,,简约风服装
2213,,,,,,简约风服装
2214,,,,,,简约风服装
2215,,,,,,嘻哈风服装
2216,,,,,,朋克风服装
2217,,,,,,田园风服装
2218,,,,,,田园风服装
2219,,,,,,田园风服装
2220,,,,,,街头风服装
2221,,,,,,嘻哈风服装
2222,,,,,,通勤风服装
2223,,,,,,简约风服装
2224,,,,,,街头风服装
2225,,,,,,简约风服装
2226,,,,,,简约风服装
2227,,,,,,简约风服装
2228,,,,,,简约风服装
2229,,,,,,简约风服装
2230,,,,,,简约风服装
2231,,,,,,民族风服装
2232,,,,,,街头风服装
2233,,,,,,田园风服装
2234,,,,,,洛丽塔风服装
2235,,,,,,田园风服装
2236,,,,,,朋克风服装
2237,,,,,,朋克风服装
2238,,,,,,嘻哈风服装
2239,,,,,,民族风服装
2240,,,,,,街头风服装
2241,,,,,,洛丽塔风服装
2242,,,,,,简约风服装
2243,,,,,,嘻哈风服装
2244,,,,,,嘻哈风服装
2245,,,,,,简约风服装
2246,,,,,,朋克风服装
2247,,,,,,朋克风服装
2248,,,,,,简约风服装
2249,,,,,,朋克风服装
2250,,,,,,朋克风服装
2251,,,,,,民族风服装
2252,,,,,,通勤风服装
2253,,,,,,简约风服装
2254,,,,,,通勤风服装
2255,,,,,,朋克风服装
2256,,,,,,简约风服装
2257,,,,,,嘻哈风服装
2258,,,,,,嘻哈风服装
2259,,,,,,街头风服装
2260,,,,,,田园风服装
2261,,,,,,通勤风服装
2262,,,,,,简约风服装
2263,,,,,,田园风服装
2264,,,,,,朋克风服装
2265,,,,,,民族风服装
2266,,,,,,民族风服装
2267,,,,,,嘻哈风服装
2268,,,,,,嘻哈风服装
2269,,,,,,通勤风服装
2270,,,,,,嘻哈风服装
2271,,,,,,朋克风服装
2272,,,,,,朋克风服装
2273,,,,,,田园风服装
2274,,,,,,朋克风服装
2275,,,,,,可爱系服装
2276,,,,,,简约风服装
2277,,,,,,简约风服装
2278,,,,,,民族风服装
2279,,,,,,朋克风服装
2280,,,,,,简约风服装
2281,,,,,,欧美风服装
2282,,,,,,通勤风服装
2283,,,,,,朋克风服装
2284,,,,,,通勤风服装
2285,,,,,,通勤风服装
2286,,,,,,民族风服装
2287,,,,,,简约风服装
2288,,,,,,街头风服装
2289,,,,,,简约风服装
2290,,,,,,嘻哈风服装
2291,,,,,,简约风服装
2292,,,,,,田园风服装
2293,,,,,,韩版系服装
2294,,,,,,民族风服装
2295,,,,,,田园风服装
2296,,,,,,朋克风服装
2297,,,,,,简约风服装
2298,,,,,,嘻哈风服装
2299,,,,,,欧美风服装
2300,,,,,,欧美风服装
2301,,,,,,田园风服装
2302,,,,,,简约风服装
2303,,,,,,田园风服装
2304,,,,,,嘻哈风服装
2305,,,,,,朋克风服装
2306,,,,,,简约风服装
2307,,,,,,简约风服装
2308,,,,,,简约风服装
2309,,,,,,街头风服装
2310,,,,,,田园风服装
2311,,,,,,街头风服装
2312,,,,,,朋克风服装
2313,,,,,,简约风服装
2314,,,,,,田园风服装
2315,,,,,,嘻哈风服装
2316,,,,,,嘻哈风服装
2317,,,,,,简约风服装
2318,,,,,,可爱系服装
2319,,,,,,朋克风服装
2320,,,,,,田园风服装
2321,,,,,,民族风服装
2322,,,,,,田园风服装
2323,,,,,,田园风服装
2324,,,,,,通勤风服装
2325,,,,,,民族风服装
2326,,,,,,街头风服装
2327,,,,,,朋克风服装
2328,,,,,,简约风服装
2329,,,,,,田园风服装
2330,,,,,,民族风服装
2331,,,,,,嘻哈风服装
2332,,,,,,简约风服装
2333,,,,,,嘻哈风服装
2334,,,,,,田园风服装
2335,,,,,,田园风服装
2336,,,,,,简约风服装
2337,,,,,,嘻哈风服装
2338,,,,,,田园风服装
2339,,,,,,可爱系服装
2340,,,,,,田园风服装
2341,,,,,,学院风服装
2342,,,,,,朋克风服装
2343,,,,,,简约风服装
2344,,,,,,民族风服装
2345,,,,,,简约风服装
2346,,,,,,朋克风服装
2347,,,,,,嘻哈风服装
2348,,,,,,嘻哈风服装
2349,,,,,,田园风服装
2350,,,,,,简约风服装
2351,,,,,,民族风服装
2352,,,,,,田园风服装
2353,,,,,,简约风服装
2354,,,,,,简约风服装
2355,,,,,,简约风服装
2356,,,,,,嘻哈风服装
2357,,,,,,田园风服装
2358,,,,,,通勤风服装
2359,,,,,,朋克风服装
2360,,,,,,朋克风服装
2361,,,,,,简约风服装
2362,,,,,,嘻哈风服装
2363,,,,,,欧美风服装
2364,,,,,,街头风服装
2365,,,,,,民族风服装
2366,,,,,,欧美风服装
2367,,,,,,田园风服装
2368,,,,,,百搭系服装
2369,,,,,,嘻哈风服装
2370,,,,,,嘻哈风服装
2371,,,,,,朋克风服装
2372,,,,,,田园风服装
2373,,,,,,民族风服装
2374,,,,,,简约风服装
2375,,,,,,朋克风服装
2376,,,,,,田园风服装
2377,,,,,,田园风服装
2378,,,,,,洛丽塔风服装
2379,,,,,,简约风服装
2380,,,,,,简约风服装
2381,,,,,,
2382,,,,,,洛丽塔风服装
2383,,,,,,街头风服装
2384,,,,,,通勤风服装
2385,,,,,,简约风服装
2386,,,,,,简约风服装
2387,,,,,,嘻哈风服装
2388,,,,,,简约风服装
2389,,,,,,田园风服装
2390,,,,,,田园风服装
2391,,,,,,洛丽塔风服装
2392,,,,,,简约风服装
2393,,,,,,嘻哈风服装
2394,,,,,,通勤风服装
2395,,,,,,朋克风服装
2396,,,,,,田园风服装
2397,,,,,,嘻哈风服装
2398,,,,,,朋克风服装
2399,,,,,,简约风服装
2400,,,,,,嘻哈风服装
2401,,,,,,民族风服装
2402,,,,,,朋克风服装
2403,,,,,,嘻哈风服装
2404,,,,,,简约风服装
2405,,,,,,简约风服装
2406,,,,,,简约风服装
2407,,,,,,简约风服装
2408,,,,,,田园风服装
2409,,,,,,街头风服装
2410,,,,,,朋克风服装
2411,,,,,,民族风服装
2412,,,,,,朋克风服装
2413,,,,,,简约风服装
2414,,,,,,简约风服装
2415,,,,,,田园风服装
2416,,,,,,简约风服装
2417,,,,,,简约风服装
2418,,,,,,简约风服装
2419,,,,,,简约风服装
2420,,,,,,朋克风服装
2421,,,,,,嘻哈风服装
2422,,,,,,田园风服装
2423,,,,,,通勤风服装
2424,,,,,,嘻哈风服装
2425,,,,,,朋克风服装
2426,,,,,,简约风服装
2427,,,,,,嘻哈风服装
2428,,,,,,简约风服装
2429,,,,,,简约风服装
2430,,,,,,田园风服装
2431,,,,,,朋克风服装
2432,,,,,,嘻哈风服装
2433,,,,,,洛丽塔风服装
2434,,,,,,简约风服装
2435,,,,,,通勤风服装
2436,,,,,,欧美风服装
2437,,,,,,朋克风服装
2438,,,,,,田园风服装
2439,,,,,,嘻哈风服装
2440,,,,,,朋克风服装
2441,,,,,,朋克风服装
2442,,,,,,嘻哈风服装
2443,,,,,,简约风服装
2444,,,,,,简约风服装
2445,,,,,,街头风服装
2446,,,,,,朋克风服装
2447,,,,,,简约风服装
2448,,,,,,嘻哈风服装
2449,,,,,,嘻哈风服装
2450,,,,,,田园风服装
2451,,,,,,通勤风服装
2452,,,,,,田园风服装
2453,,,,,,田园风服装
2454,,,,,,民族风服装
2455,,,,,,简约风服装
2456,,,,,,简约风服装
2457,,,,,,嘻哈风服装
2458,,,,,,民族风服装
2459,,,,,,欧美风服装
2460,,,,,,简约风服装
2461,,,,,,民族风服装
2462,,,,,,嘻哈风服装
2463,,,,,,简约风服装
2464,,,,,,田园风服装
2465,,,,,,洛丽塔风服装
2466,,,,,,民族风服装
2467,,,,,,朋克风服装
2468,,,,,,简约风服装
2469,,,,,,通勤风服装
2470,,,,,,嘻哈风服装
2471,,,,,,简约风服装
2472,,,,,,田园风服装
2473,,,,,,简约风服装
2474,,,,,,嘻哈风服装
2475,,,,,,民族风服装
2476,,,,,,嘻哈风服装
2477,,,,,,田园风服装
2478,,,,,,简约风服装
2479,,,,,,简约风服装
2480,,,,,,简约风服装
2481,,,,,,田园风服装
2482,,,,,,洛丽塔风服装
2483,,,,,,简约风服装
2484,,,,,,嘻哈风服装
2485,,,,,,嘻哈风服装
2486,,,,,,通勤风服装
2487,,,,,,简约风服装
2488,,,,,,街头风服装
2489,,,,,,民族风服装
2490,,,,,,简约风服装
2491,,,,,,通勤风服装
2492,,,,,,嘻哈风服装
2493,,,,,,OL风服装
2494,,,,,,简约风服装
2495,,,,,,通勤风服装
2496,,,,,,民族风服装
2497,,,,,,田园风服装
2498,,,,,,民族风服装
2499,,,,,,简约风服装
2500,,,,,,朋克风服装
2501,,,,,,洛丽塔风服装
2502,,,,,,简约风服装
2503,,,,,,简约风服装
2504,,,,,,田园风服装
2505,,,,,,通勤风服装
2506,,,,,,简约风服装
2507,,,,,,朋克风服装
2508,,,,,,街头风服装
2509,,,,,,民族风服装
2510,,,,,,简约风服装
2511,,,,,,欧美风服装
2512,,,,,,民族风服装
2513,,,,,,简约风服装
2514,,,,,,嘻哈风服装
2515,,,,,,朋克风服装
2516,,,,,,通勤风服装
2517,,,,,,民族风服装
2518,,,,,,简约风服装
2519,,,,,,嘻哈风服装
2520,,,,,,通勤风服装
2521,,,,,,田园风服装
2522,,,,,,田园风服装
2523,,,,,,朋克风服装
2524,,,,,,嘻哈风服装
2525,,,,,,学院风服装
2526,,,,,,民族风服装
2527,,,,,,简约风服装
2528,,,,,,洛丽塔风服装
2529,,,,,,简约风服装
2530,,,,,,简约风服装
2531,,,,,,田园风服装
2532,,,,,,通勤风服装
2533,,,,,,民族风服装
2534,,,,,,通勤风服装
2535,,,,,,田园风服装
2536,,,,,,田园风服装
2537,,,,,,民族风服装
2538,,,,,,欧美风服装
2539,,,,,,田园风服装
2540,,,,,,嘻哈风服装
2541,,,,,,通勤风服装
2542,,,,,,简约风服装
2543,,,,,,简约风服装
2544,,,,,,通勤风服装
2545,,,,,,简约风服装
2546,,,,,,简约风服装
2547,,,,,,简约风服装
2548,,,,,,百搭系服装
2549,,,,,,欧美风服装
2550,,,,,,民族风服装
2551,,,,,,田园风服装
2552,,,,,,嘻哈风服装
2553,,,,,,朋克风服装
2554,,,,,,民族风服装
2555,,,,,,朋克风服装
2556,,,,,,简约风服装
2557,,,,,,朋克风服装
2558,,,,,,简约风服装
2559,,,,,,通勤风服装
2560,,,,,,田园风服装
2561,,,,,,百搭系服装
2562,,,,,,民族风服装
2563,,,,,,简约风服装
2564,,,,,,简约风服装
2565,,,,,,嘻哈风服装
2566,,,,,,嘻哈风服装
2567,,,,,,民族风服装
2568,,,,,,民族风服装
2569,,,,,,田园风服装
2570,,,,,,田园风服装
2571,,,,,,民族风服装
2572,,,,,,民族风服装
2573,,,,,,朋克风服装
2574,,,,,,简约风服装
2575,,,,,,洛丽塔风服装
2576,,,,,,简约风服装
2577,,,,,,民族风服装
2578,,,,,,简约风服装
2579,,,,,,简约风服装
2580,,,,,,通勤风服装
2581,,,,,,简约风服装
2582,,,,,,可爱系服装
2583,,,,,,民族风服装
2584,,,,,,嘻哈风服装
2585,,,,,,民族风服装
2586,,,,,,嘻哈风服装
2587,,,,,,简约风服装
2588,,,,,,田园风服装
2589,,,,,,田园风服装
2590,,,,,,民族风服装
2591,,,,,,民族风服装
2592,,,,,,田园风服装
2593,,,,,,民族风服装
2594,,,,,,简约风服装
2595,,,,,,简约风服装
2596,,,,,,简约风服装
2597,,,,,,简约风服装
2598,,,,,,田园风服装
2599,,,,,,简约风服装
2600,,,,,,民族风服装
2601,,,,,,朋克风服装
2602,,,,,,朋克风服装
2603,,,,,,洛丽塔风服装
2604,,,,,,简约风服装
2605,,,,,,嘻哈风服装
2606,,,,,,田园风服装
2607,,,,,,简约风服装
2608,,,,,,民族风服装
2609,,,,,,朋克风服装
2610,,,,,,朋克风服装
2611,,,,,,街头风服装
2612,,,,,,田园风服装
2613,,,,,,简约风服装
2614,,,,,,朋克风服装
2615,,,,,,简约风服装
2616,,,,,,田园风服装
2617,,,,,,中性风服装
2618,,,,,,街头风服装
2619,,,,,,民族风服装
2620,,,,,,田园风服装
2621,,,,,,朋克风服装
2622,,,,,,韩版系服装
2623,,,,,,嘻哈风服装
2624,,,,,,嘻哈风服装
2625,,,,,,嘻哈风服装
2626,,,,,,简约风服装
2627,,,,,,嘻哈风服装
2628,,,,,,中性风服装
2629,,,,,,嘻哈风服装
2630,,,,,,嘻哈风服装
2631,,,,,,通勤风服装
2632,,,,,,简约风服装
2633,,,,,,通勤风服装
2634,,,,,,田园风服装
2635,,,,,,嘻哈风服装
2636,,,,,,田园风服装
2637,,,,,,简约风服装
2638,,,,,,简约风服装
2639,,,,,,通勤风服装
2640,,,,,,田园风服装
2641,,,,,,朋克风服装
2642,,,,,,简约风服装
2643,,,,,,简约风服装
2644,,,,,,通勤风服装
2645,,,,,,通勤风服装
2646,,,,,,民族风服装
2647,,,,,,朋克风服装
2648,,,,,,通勤风服装
2649,,,,,,民族风服装
2650,,,,,,民族风服装
2651,,,,,,简约风服装
2652,,,,,,田园风服装
2653,,,,,,民族风服装
2654,,,,,,欧美风服装
2655,,,,,,田园风服装
2656,,,,,,嘻哈风服装
2657,,,,,,简约风服装
2658,,,,,,简约风服装
2659,,,,,,田园风服装
2660,,,,,,简约风服装
2661,,,,,,街头风服装
2662,,,,,,简约风服装
2663,,,,,,简约风服装
2664,,,,,,简约风服装
2665,,,,,,民族风服装
2666,,,,,,嘻哈风服装
2667,,,,,,简约风服装
2668,,,,,,民族风服装
2669,,,,,,民族风服装
2670,,,,,,民族风服装
2671,,,,,,田园风服装
2672,,,,,,简约风服装
2673,,,,,,简约风服装
2674,,,,,,嘻哈风服装
2675,,,,,,嘻哈风服装
2676,,,,,,民族风服装
2677,,,,,,民族风服装
2678,,,,,,田园风服装
2679,,,,,,简约风服装
2680,,,,,,简约风服装
2681,,,,,,简约风服装
2682,,,,,,简约风服装
2683,,,,,,街头风服装
2684,,,,,,朋克风服装
2685,,,,,,简约风服装
2686,,,,,,朋克风服装
2687,,,,,,民族风服装
2688,,,,,,田园风服装
2689,,,,,,简约风服装
2690,,,,,,朋克风服装
2691,,,,,,嘻哈风服装
2692,,,,,,田园风服装
2693,,,,,,简约风服装
2694,,,,,,简约风服装
2695,,,,,,简约风服装
2696,,,,,,简约风服装
2697,,,,,,街头风服装
2698,,,,,,简约风服装
2699,,,,,,嘻哈风服装
2700,,,,,,田园风服装
2701,,,,,,嘻哈风服装
2702,,,,,,嘻哈风服装
2703,,,,,,田园风服装
2704,,,,,,简约风服装
2705,,,,,,嘻哈风服装
2706,,,,,,简约风服装
2707,,,,,,简约风服装
2708,,,,,,简约风服装
2709,,,,,,民族风服装
2710,,,,,,田园风服装
2711,,,,,,田园风服装
2712,,,,,,简约风服装
2713,,,,,,嘻哈风服装
2714,,,,,,民族风服装
2715,,,,,,田园风服装
2716,,,,,,简约风服装
2717,,,,,,洛丽塔风服装
2718,,,,,,简约风服装
2719,,,,,,欧美风服装
2720,,,,,,可爱系服装
2721,,,,,,通勤风服装
2722,,,,,,简约风服装
2723,,,,,,简约风服装
2724,,,,,,洛丽塔风服装
2725,,,,,,通勤风服装
2726,,,,,,欧美风服装
2727,,,,,,洛丽塔风服装
2728,,,,,,OL风服装
2729,,,,,,嘻哈风服装
2730,,,,,,嘻哈风服装
2731,,,,,,通勤风服装
2732,,,,,,嘻哈风服装
2733,,,,,,通勤风服装
2734,,,,,,民族风服装
2735,,,,,,简约风服装
2736,,,,,,朋克风服装
2737,,,,,,街头风服装
2738,,,,,,田园风服装
2739,,,,,,民族风服装
2740,,,,,,田园风服装
2741,,,,,,简约风服装
2742,,,,,,民族风服装
2743,,,,,,简约风服装
2744,,,,,,街头风服装
2745,,,,,,田园风服装
2746,,,,,,简约风服装
2747,,,,,,田园风服装
2748,,,,,,嘻哈风服装
2749,,,,,,嘻哈风服装
2750,,,,,,田园风服装
2751,,,,,,欧美风服装
2752,,,,,,通勤风服装
2753,,,,,,通勤风服装
2754,,,,,,田园风服装
2755,,,,,,通勤风服装
2756,,,,,,中性风服装
2757,,,,,,田园风服装
2758,,,,,,简约风服装
2759,,,,,,简约风服装
2760,,,,,,田园风服装
2761,,,,,,嘻哈风服装
2762,,,,,,学院风服装
2763,,,,,,简约风服装
2764,,,,,,民族风服装
2765,,,,,,民族风服装
2766,,,,,,简约风服装
2767,,,,,,欧美风服装
2768,,,,,,简约风服装
2769,,,,,,田园风服装
2770,,,,,,朋克风服装
2771,,,,,,通勤风服装
2772,,,,,,简约风服装
2773,,,,,,民族风服装
2774,,,,,,民族风服装
2775,,,,,,通勤风服装
2776,,,,,,民族风服装
2777,,,,,,朋克风服装
2778,,,,,,通勤风服装
2779,,,,,,通勤风服装
2780,,,,,,欧美风服装
2781,,,,,,简约风服装
2782,,,,,,简约风服装
2783,,,,,,中性风服装
2784,,,,,,简约风服装
2785,,,,,,简约风服装
2786,,,,,,通勤风服装
2787,,,,,,简约风服装
2788,,,,,,朋克风服装
2789,,,,,,通勤风服装
2790,,,,,,朋克风服装
2791,,,,,,通勤风服装
2792,,,,,,嘻哈风服装
2793,,,,,,简约风服装
2794,,,,,,嘻哈风服装
2795,,,,,,中性风服装
2796,,,,,,简约风服装
2797,,,,,,简约风服装
2798,,,,,,中性风服装
2799,,,,,,通勤风服装
2800,,,,,,洛丽塔风服装
2801,,,,,,民族风服装
2802,,,,,,中性风服装
2803,,,,,,通勤风服装
2804,,,,,,简约风服装
2805,,,,,,简约风服装
2806,,,,,,田园风服装
2807,,,,,,简约风服装
2808,,,,,,嘻哈风服装
2809,,,,,,民族风服装
2810,,,,,,街头风服装
2811,,,,,,简约风服装
2812,,,,,,嘻哈风服装
2813,,,,,,朋克风服装
2814,,,,,,简约风服装
2815,,,,,,韩版系服装
2816,,,,,,简约风服装
2817,,,,,,简约风服装
2818,,,,,,简约风服装
2819,,,,,,田园风服装
2820,,,,,,民族风服装
2821,,,,,,嘻哈风服装
2822,,,,,,简约风服装
2823,,,,,,嘻哈风服装
2824,,,,,,民族风服装
2825,,,,,,民族风服装
2826,,,,,,田园风服装
2827,,,,,,民族风服装
2828,,,,,,田园风服装
2829,,,,,,朋克风服装
2830,,,,,,简约风服装
2831,,,,,,民族风服装
2832,,,,,,田园风服装
2833,,,,,,田园风服装
2834,,,,,,田园风服装
2835,,,,,,民族风服装
2836,,,,,,田园风服装
2837,,,,,,民族风服装
2838,,,,,,民族风服装
2839,,,,,,朋克风服装
2840,,,,,,简约风服装
2841,,,,,,田园风服装
2842,,,,,,简约风服装
2843,,,,,,简约风服装
2844,,,,,,通勤风服装
2845,,,,,,田园风服装
2846,,,,,,田园风服装
2847,,,,,,韩版系服装
2848,,,,,,嘻哈风服装
2849,,,,,,朋克风服装
2850,,,,,,街头风服装
2851,,,,,,通勤风服装
2852,,,,,,朋克风服装
2853,,,,,,朋克风服装
2854,,,,,,简约风服装
2855,,,,,,通勤风服装
2856,,,,,,通勤风服装
2857,,,,,,简约风服装
2858,,,,,,简约风服装
2859,,,,,,朋克风服装
2860,,,,,,民族风服装
2861,,,,,,简约风服装
2862,,,,,,简约风服装
2863,,,,,,田园风服装
2864,,,,,,田园风服装
2865,,,,,,学院风服装
2866,,,,,,朋克风服装
2867,,,,,,通勤风服装
2868,,,,,,嘻哈风服装
2869,,,,,,简约风服装
2870,,,,,,田园风服装
2871,,,,,,嘻哈风服装
2872,,,,,,简约风服装
2873,,,,,,民族风服装
2874,,,,,,朋克风服装
2875,,,,,,嘻哈风服装
2876,,,,,,民族风服装
2877,,,,,,百搭系服装
2878,,,,,,嘻哈风服装
2879,,,,,,民族风服装
2880,,,,,,简约风服装
2881,,,,,,朋克风服装
2882,,,,,,通勤风服装
2883,,,,,,田园风服装
2884,,,,,,通勤风服装
2885,,,,,,通勤风服装
2886,,,,,,田园风服装
2887,,,,,,简约风服装
2888,,,,,,中性风服装
2889,,,,,,朋克风服装
2890,,,,,,田园风服装
2891,,,,,,简约风服装
2892,,,,,,朋克风服装
2893,,,,,,民族风服装
2894,,,,,,朋克风服装
2895,,,,,,田园风服装
2896,,,,,,田园风服装
2897,,,,,,朋克风服装
2898,,,,,,韩版系服装
2899,,,,,,民族风服装
2900,,,,,,朋克风服装
2901,,,,,,街头风服装
2902,,,,,,田园风服装
2903,,,,,,简约风服装
2904,,,,,,嘻哈风服装
2905,,,,,,田园风服装
2906,,,,,,嘻哈风服装
2907,,,,,,民族风服装
2908,,,,,,田园风服装
2909,,,,,,街头风服装
2910,,,,,,通勤风服装
2911,,,,,,简约风服装
2912,,,,,,可爱系服装
2913,,,,,,民族风服装
2914,,,,,,嘻哈风服装
2915,,,,,,田园风服装
2916,,,,,,简约风服装
2917,,,,,,简约风服装
2918,,,,,,朋克风服装
2919,,,,,,田园风服装
2920,,,,,,民族风服装
2921,,,,,,朋克风服装
2922,,,,,,田园风服装
2923,,,,,,田园风服装
2924,,,,,,街头风服装
2925,,,,,,民族风服装
2926,,,,,,朋克风服装
2927,,,,,,民族风服装
2928,,,,,,田园风服装
2929,,,,,,简约风服装
2930,,,,,,民族风服装
2931,,,,,,简约风服装
2932,,,,,,通勤风服装
2933,,,,,,民族风服装
2934,,,,,,通勤风服装
2935,,,,,,欧美风服装
2936,,,,,,朋克风服装
2937,,,,,,嘻哈风服装
2938,,,,,,简约风服装
2939,,,,,,民族风服装
2940,,,,,,欧美风服装
2941,,,,,,通勤风服装
2942,,,,,,朋克风服装
2943,,,,,,简约风服装
2944,,,,,,可爱系服装
2945,,,,,,嘻哈风服装
2946,,,,,,简约风服装
2947,,,,,,简约风服装
2948,,,,,,田园风服装
2949,,,,,,简约风服装
2950,,,,,,通勤风服装
2951,,,,,,朋克风服装
2952,,,,,,朋克风服装
2953,,,,,,街头风服装
2954,,,,,,朋克风服装
2955,,,,,,嘻哈风服装
2956,,,,,,简约风服装
2957,,,,,,民族风服装
2958,,,,,,简约风服装
2959,,,,,,简约风服装
2960,,,,,,简约风服装
2961,,,,,,简约风服装
2962,,,,,,简约风服装
2963,,,,,,嘻哈风服装
2964,,,,,,民族风服装
2965,,,,,,民族风服装
2966,,,,,,简约风服装
2967,,,,,,民族风服装
2968,,,,,,简约风服装
2969,,,,,,简约风服装
2970,,,,,,朋克风服装
2971,,,,,,田园风服装
2972,,,,,,朋克风服装
2973,,,,,,嘻哈风服装
2974,,,,,,朋克风服装
2975,,,,,,嘻哈风服装
2976,,,,,,简约风服装
2977,,,,,,简约风服装
2978,,,,,,嘻哈风服装
2979,,,,,,田园风服装
2980,,,,,,通勤风服装
2981,,,,,,简约风服装
2982,,,,,,简约风服装
2983,,,,,,简约风服装
2984,,,,,,嘻哈风服装
2985,,,,,,简约风服装
2986,,,,,,田园风服装
2987,,,,,,民族风服装
2988,,,,,,简约风服装
2989,,,,,,民族风服装
2990,,,,,,街头风服装
2991,,,,,,民族风服装
2992,,,,,,洛丽塔风服装
2993,,,,,,田园风服装
2994,,,,,,简约风服装
2995,,,,,,简约风服装
2996,,,,,,通勤风服装
2997,,,,,,通勤风服装
2998,,,,,,简约风服装
2999,,,,,,嘻哈风服装
